term,estimate,std.error,statistic,p.value
(Intercept),-14.454202316462975,3956.1820177016875,-0.003653573635335421,0.9970848764900807
patient_nbr,5.633795112375648e-10,3.1782275842107034e-10,1.7726216776810124,0.07629141719269632
raceAfricanAmerican,0.1357101891754528,0.08375771965777322,1.6202708207667647,0.10517411407779223
raceAsian,0.14563730262020047,0.15878512716578044,0.9171973800049111,0.35903921949061685
raceCaucasian,0.1764915819230091,0.08046927110115641,2.193279241974801,0.028287266286758515
raceHispanic,0.14140939307000788,0.11069110607117431,1.2775135969739224,0.2014209831674523
raceOther,0.016464137727240594,0.12242608565600761,0.13448226853794437,0.8930212313756999
genderMale,-0.0034449421875488834,0.021994947292540874,-0.1566242529127207,0.8755409873854397
genderUnknown/Invalid,-13.984433551266376,2129.4061746271777,-0.006567292664920918,0.9947600962420051
age[10-20),0.5597063045735945,0.6622773974337253,0.8451236698435036,0.3980417939817565
age[20-30),1.0284473620154568,0.6671741117506325,1.5414977048747605,0.12319570108802744
age[30-40),1.0007186814563855,0.6654945774952813,1.5037217661829576,0.1326530223659707
age[40-50),0.9553082098480812,0.664780474543887,1.4370280813429852,0.15071001457635527
age[50-60),0.8868409491196686,0.664813803867084,1.3339689157491899,0.18221404394094795
age[60-70),1.02945665595017,0.6647450660416391,1.5486488107091656,0.12146616550357624
age[70-80),1.0930317476699734,0.664802342334296,1.6441454520633172,0.10014616123995941
age[80-90),1.1196069297073832,0.6650476748385965,1.6834987506408556,0.0922785810317724
age[90-100),1.034237812633796,0.6676293309983511,1.5491197953918991,0.12135292510942376
weightTRUE,0.11313459704713959,0.06546883447271383,1.728067987742961,0.08397603596954518
admission_type_idTRUE,0.03773289797820034,0.05002064680898119,0.7543464626176208,0.45064120991708134
discharge_disposition_idTRUE,-0.02827384204521056,0.053209926618693476,-0.5313640488141083,0.5951665294727897
admission_source_idTRUE,0.19093681138000418,0.06395246802866777,2.9856050480243157,0.0028301791238742086
time_in_hospital,0.0036787129034577377,0.004442856068181494,0.8280063200344621,0.4076669206970078
payer_codeCH,0.05990004711741367,0.30721916177396796,0.1949749708694416,0.8454125419261855
payer_codeCM,0.025717374462474886,0.09660248457103793,0.26621856132036925,0.7900708888107291
payer_codeCP,-0.05070353085445835,0.09315192787353939,-0.5443100536071795,0.5862281297820767
payer_codeDM,0.018980308984901655,0.1552879777192453,0.12222651916568406,0.9027196246521918
payer_codeFR,-14.947761256342988,3956.1803318579205,-0.0037783316235544674,0.9969853347047624
payer_codeHM,0.054424764807631344,0.07080389178962299,0.7686691145359871,0.4420897644023864
payer_codeMC,0.0981559141015003,0.059320499073725406,1.65467107718546,0.09799123703806219
payer_codeMD,0.11784460799154582,0.07873746330434492,1.4966777318700193,0.13447713319482288
payer_codeMP,-0.1850788689142888,0.40695976654086485,-0.45478419276541454,0.649264503444372
payer_codeOG,0.2479027873807071,0.11666936667679828,2.124831859827065,0.03360064535091721
payer_codeOT,-0.07287865968943551,0.4076578917963419,-0.178774068050777,0.8581151079264093
payer_codePO,-0.008662811188905732,0.17165821792419342,-0.050465461506371614,0.9597514720439283
payer_codeSI,0.5670119120453672,0.4514318249044035,1.256029993378157,0.20910509582620224
payer_codeSP,0.09236233142508699,0.07394849605522132,1.2490089231309731,0.2116618101894093
payer_codeUN,0.08363238011688515,0.0915661455639533,0.9133548169118147,0.3610559607996201
payer_codeunknown,0.24743072767862268,0.05904846070968577,4.190299369447176,2.78586650492268e-5
payer_codeWC,-0.7840613955635922,0.5243490183725786,-1.4953044023941964,0.1348350166728243
medical_specialtyAnesthesiology,-1.6719034892063296,1.337534321668648,-1.249989224291858,0.21130348370669422
medical_specialtyAnesthesiology-Pediatric,-1.6037678045119166,1.3300161108671829,-1.2058258478284485,0.2278846468904233
medical_specialtyCardiology,-1.802789013096845,0.8042727455996411,-2.2415144899044672,0.02499276800745436
medical_specialtyCardiology-Pediatric,-0.5044653455122954,1.3859623260692275,-0.36398200443371775,0.7158714474187009
medical_specialtyDCPTEAM,-16.996275526644705,1533.2214848569477,-0.01108533613343573,0.9911553625932612
medical_specialtyDentistry,-17.31152934016369,1839.5259380123755,-0.009410864496354402,0.9924913273481925
medical_specialtyDermatology,-16.536289887520677,3956.1804119397084,-0.0041798624343860405,0.99666496200854
medical_specialtyEmergency/Trauma,-1.631693223151382,0.8037317478023275,-2.0301465353496106,0.04234164650421341
medical_specialtyEndocrinology,-2.3670517847450503,0.9090102831554359,-2.6039879070766214,0.009214600798116538
medical_specialtyEndocrinology-Metabolism,-1.1077915559988687,1.358613552526759,-0.815383855062089,0.4148526228765422
medical_specialtyFamily/GeneralPractice,-1.490429459075819,0.8033781571634139,-1.855202865283594,0.06356726268030928
medical_specialtyGastroenterology,-1.6379547092625342,0.8151008374905414,-2.0095117486387584,0.04448288999196367
medical_specialtyGynecology,-15.850760439082872,466.8669980349278,-0.03395134054409437,0.9729159529288532
medical_specialtyHematology,-0.8903728894802935,0.8518074273904432,-1.0452748600795811,0.2958959533159885
medical_specialtyHematology/Oncology,-1.1580717849979327,0.8273407608819446,-1.3997518794594734,0.16158763229259335
medical_specialtyHospitalist,-2.0727688513305615,0.9720075796580744,-2.1324616131694207,0.03296891695766627
medical_specialtyInfectiousDiseases,-0.6328354454576183,0.9051699300541328,-0.6991344105076184,0.48446803562737384
medical_specialtyInternalMedicine,-1.6057144190649435,0.8027948091866098,-2.0001554577711462,0.04548347987513542
medical_specialtyNephrology,-1.5448045090847127,0.8062883501793843,-1.915945466334745,0.05537203742060855
medical_specialtyNeurology,-2.0975123929560975,0.86160371321957,-2.4344282188830006,0.014915337882069868
medical_specialtyNeurophysiology,-16.6284769575964,3956.180413053019,-0.00420316447215916,0.9966463698356878
medical_specialtyObsterics&Gynecology-GynecologicOnco,-1.518339409296156,1.139723760002422,-1.3321994877889791,0.18279464483486868
medical_specialtyObstetrics,-1.319446121761844,1.3645269148402168,-0.9669623276843523,0.33356286661076695
medical_specialtyObstetricsandGynecology,-1.6561203754743907,0.8447274554654193,-1.9605381176605874,0.049932927247970826
medical_specialtyOncology,-1.5256605599269475,0.8195812085628305,-1.8615123724008464,0.06267185507599025
medical_specialtyOphthalmology,-1.8692357362161545,1.0930237488943557,-1.7101510722955227,0.08723794062921841
medical_specialtyOrthopedics,-1.5633341769145934,0.8085314531651501,-1.9335477559897325,0.05316875602497213
medical_specialtyOrthopedics-Reconstructive,-2.0246507794495767,0.8109990860907311,-2.496489594345939,0.012542934871440472
medical_specialtyOsteopath,-1.9572956181276204,1.0125044650826298,-1.9331229497026334,0.053221053555086856
medical_specialtyOtolaryngology,-3.4322023569506537,1.1166193452284454,-3.0737443083152662,0.0021139052474237574
medical_specialtyOutreachServices,-1.6318562627528437,1.334051063548062,-1.2232337332071341,0.2212414279514814
medical_specialtyPathology,-2.5029872608330925,1.3149553123265563,-1.9034770515543575,0.056978325338561536
medical_specialtyPediatrics,-1.9749649769610487,0.8486176366201745,-2.327273075335584,0.019950735849704016
medical_specialtyPediatrics-AllergyandImmunology,-17.319037019381863,2265.97062628652,-0.00764309864323544,0.9939017489694715
medical_specialtyPediatrics-CriticalCare,-2.1392805104576715,1.0293397138536087,-2.0783036753227973,0.03768139815835353
medical_specialtyPediatrics-EmergencyMedicine,-16.254208788436653,2268.139316507574,-0.007166318519386406,0.9942821540366928
medical_specialtyPediatrics-Endocrinology,-3.6933264442206357,1.3218370846517604,-2.794085963470791,0.005204664122987169
medical_specialtyPediatrics-Hematology-Oncology,-0.6081928142488234,1.4585105077374036,-0.41699583994928957,0.6766814505577501
medical_specialtyPediatrics-InfectiousDiseases,-16.597288573747385,3956.1804239582907,-0.004195281002159462,0.9966526598792281
medical_specialtyPediatrics-Neurology,-16.93810194776653,1170.3919501891683,-0.0144721620351446,0.9884532884160255
medical_specialtyPediatrics-Pulmonology,-1.835845623082652,1.1963030254341782,-1.5345991643015051,0.12488231807483223
medical_specialtyPerinatology,13.849778534301256,4093.3944515297326,0.0033834458658450295,0.9973004059320241
medical_specialtyPhysicalMedicineandRehabilitation,-1.3701091152327176,0.8231207061481203,-1.6645300075663108,0.09600655949532332
medical_specialtyPhysicianNotFound,-1.0249532958590626,1.1637601225103262,-0.8807255688123719,0.37846637414533
medical_specialtyPodiatry,-1.9190948250988795,0.8743608793297776,-2.194854402189083,0.02817404358387143
medical_specialtyProctology,-15.332660509078616,3956.180501988314,-0.0038756220807854096,0.9969077087195025
medical_specialtyPsychiatry,-1.5902137651174346,0.816184650640578,-1.948350491361684,0.051373039450551015
medical_specialtyPsychiatry-Addictive,-17.047146234346346,3956.1804225922283,-0.0043089911008599695,0.9965619331673197
medical_specialtyPsychiatry-Child/Adolescent,-1.1977279089230495,1.368848635348035,-0.8749892997617831,0.3815797278388581
medical_specialtyPsychology,-2.1875076765315673,0.8996505279884314,-2.4315082451212615,0.0150361060929071
medical_specialtyPulmonology,-1.536499872164298,0.8101658054875399,-1.8965252072563914,0.057890630031239815
medical_specialtyRadiologist,-1.6349479951089432,0.8098579568423185,-2.0188083370615963,0.04350714420162969
medical_specialtyRadiology,-1.237264979577306,0.8946662317060896,-1.382934703166225,0.1666848883165689
medical_specialtyResident,0.278234883185835,1.6519580400971257,0.16842733073866475,0.8662471084017884
medical_specialtyRheumatology,-1.1539417957308185,1.0508001716032862,-1.0981553171714478,0.27213667377958944
medical_specialtySpeech,-17.212096860620566,3956.180424305161,-0.0043506855134504115,0.9965286661510826
medical_specialtySportsMedicine,-17.08112659937439,3956.180411647469,-0.004317580297674369,0.9965550800435413
medical_specialtySurgeon,-1.5746084139851257,0.9698858812830857,-1.6234986449148407,0.10448285280348478
medical_specialtySurgery-Cardiovascular,-2.1375866852759016,0.9097813836386877,-2.3495608106714423,0.018795573650084826
medical_specialtySurgery-Cardiovascular/Thoracic,-2.180440230216053,0.8188437981433084,-2.66282804505585,0.007748699993692841
medical_specialtySurgery-Colon&Rectal,-1.2064815549401517,1.3440496424891444,-0.897646572566903,0.3693740014965657
medical_specialtySurgery-General,-1.617943892796002,0.8050063827355372,-2.0098522539634733,0.044446828393226875
medical_specialtySurgery-Maxillofacial,-2.2511544583697245,1.3937591356153423,-1.615167499781692,0.10627442661333347
medical_specialtySurgery-Neuro,-1.8098737992069263,0.8275875861393049,-2.1869271960083227,0.028747839216792415
medical_specialtySurgery-Pediatric,-16.30085485921531,1281.3058377307327,-0.012722063990658993,0.9898495353713722
medical_specialtySurgery-Plastic,-0.8865235378195915,0.9284791634363546,-0.9548125286285554,0.3396725104610447
medical_specialtySurgery-PlasticwithinHeadandNeck,-1.050295525537383,4834.532872272546,-2.1724860566387573e-4,0.9998266606930484
medical_specialtySurgery-Thoracic,-1.7120403142594816,0.8709788372181589,-1.965650875889947,0.0493389529420311
medical_specialtySurgery-Vascular,-1.6142830602070477,0.8136975400164516,-1.983885879972563,0.04726856335454113
medical_specialtySurgicalSpecialty,-1.9686606336857881,1.160160706176683,-1.6968861496555265,0.08971818704980922
medical_specialtyunknown,-1.5328432538556465,0.8026618904639231,-1.9096998027023466,0.05617187640388587
medical_specialtyUrology,-1.5106851503323147,0.8182296547196005,-1.8462850149937575,0.06485083239567241
num_lab_procedures,-5.597286940781276e-4,6.502285275274025e-4,-0.8608184205737405,0.3893380579955018
num_procedures,-0.02318811074812882,0.008464033850328899,-2.7396051525984584,0.006151303422975115
num_medications,0.009144373140230089,0.0018225025079921652,5.017481786790166,5.235316291703267e-7
number_outpatient,-0.007854049404227289,0.008067665091396864,-0.973521993693396,0.3302939346781255
number_emergency,0.0425819861765031,0.009328435933891545,4.564750884100157,5.000878232848709e-6
number_inpatient,0.2360225061621932,0.007051160231021243,33.47286098021478,1.196881961986182e-245
diag_110,-15.986159225480467,3956.1804059129763,-0.004040806430765208,0.9967759117095835
diag_111,-16.059799925054218,1225.559801487047,-0.013104052454696927,0.9895447780851162
diag_1110,-17.345819914417834,2790.2722061745317,-0.006216533238597171,0.9950399560542784
diag_1112,-0.46467863639542806,0.615495787175592,-0.7549663963221604,0.4502691451212855
diag_1114,-16.50615161948294,3956.180364880829,-0.004172244462362916,0.9966710402178015
diag_1115,-15.617705537250757,2789.5064037950233,-0.005598734426995195,0.9955328795782747
diag_1117,-44.74621468609415,1875.4312943668579,-0.023859159661298278,0.9809649508700757
diag_1131,-16.25509230258287,2657.467280572874,-0.006116761030855942,0.9951195612447903
diag_1133,-15.957056971558549,3956.1803862245124,-0.004033450301488095,0.9967817810037307
diag_1135,-15.720887668788603,701.0603747155945,-0.022424441939349712,0.9821093834039833
diag_1136,-15.94355923166604,1677.9853993166744,-0.009501607843643177,0.9924189278694876
diag_1141,-0.12208326379775386,1.2688586959859138,-0.09621501920108932,0.9233498025588379
diag_1142,-14.99401007729822,1810.4085328019987,-0.008282114122657027,0.9933919045561157
diag_1143,-14.47777145300059,3956.180444690494,-0.0036595326364425316,0.9970801219268848
diag_1145,-14.72151897867256,3956.1804451708986,-0.0037211444681807533,0.997030963132324
diag_1146,1.5942005446090117,1.2967831058256967,1.229350180031796,0.21894054073480096
diag_1147,-16.28724335790001,2796.150099213561,-0.005824881633672285,0.9953524431573535
diag_1148,-15.662919650037761,3956.1803694790574,-0.0039591015037821,0.996841102287832
diag_1149,-16.11418717358325,2487.031754999403,-0.006479284850782743,0.9948303148240814
diag_1150,-0.08875124412506438,0.7424675683965543,-0.11953551630104611,0.9048511038037887
diag_1151,-1.4109240890020127,0.7480641774136488,-1.8861003261513343,0.059281436384132545
diag_1152,0.1191689023037372,0.8372730712142373,0.14232979227543416,0.8868195152359846
diag_1153,-0.9877905611800497,0.5688529768282392,-1.736460212773582,0.08248249356990119
diag_1154,-1.5122188871878108,0.6938251385207181,-2.179538911507247,0.029291657297052708
diag_1155,-1.3229805574331255,0.7523137685358899,-1.7585489097292937,0.07865415724063095
diag_1156,-1.6648149436456154,1.1704155612853304,-1.422413541577783,0.15490623427051273
diag_1157,-0.6966884470830063,0.6089163528734517,-1.1441447479532478,0.2525636125585342
diag_1158,-1.2364135917260208,1.223627104051021,-1.0104496603848248,0.3122799056850468
diag_1160,-13.306679425809522,3956.1805070889427,-0.0033635167561150824,0.9973163069705078
diag_1161,-0.5498358802068,1.2028231259906783,-0.4571211413597822,0.6475839753116951
diag_1162,-0.9885521124106305,0.5587651153462909,-1.7691729230411637,0.0768650213589711
diag_1163,-0.9175221642537612,1.2067835646768525,-0.7603038283832209,0.44707299400466227
diag_1164,-15.642459593682046,2248.6577314114725,-0.006956354173057428,0.9944496771700293
diag_1170,-15.461803842836012,2673.942618338925,-0.00578239926945067,0.9953863386090276
diag_1171,-0.49100897274096533,0.972114782572454,-0.5050936181030343,0.6134930835705883
diag_1172,0.3570904884064396,1.3378644993774902,0.2669108034278465,0.7895378383863189
diag_1173,-16.67820204799291,2785.056092819211,-0.005988461809079822,0.9952219273378761
diag_1174,-1.0084008107403435,0.6307720343386316,-1.598677106536053,0.10989236701375485
diag_1175,-15.79973514263512,1674.8513640343429,-0.009433514807294353,0.9924732558169884
diag_1179,0.3963076605900668,1.3719071975774526,0.28887351949889656,0.7726781686103106
diag_1180,-15.642554462888633,1552.7009943199384,-0.010074415177237556,0.9919619156405369
diag_1182,-1.077745717617691,0.6832173134495723,-1.5774566838421296,0.11469048148974326
diag_1183,-0.5681316612306125,0.7681196879530036,-0.7396394990794364,0.45951876773687744
diag_1184,-15.911382913461301,1188.6370333124373,-0.013386241945634331,0.989319643196838
diag_1185,-1.329236988381853,0.6284531746903986,-2.1150931237425743,0.034422011176218015
diag_1187,-15.09029542821151,2493.505544912547,-0.006051839531297598,0.9951713601481699
diag_1188,-0.9990644795630248,0.6243540231811423,-1.6001570302577657,0.10956375192059664
diag_1189,-1.1471355271859807,0.6298602472363739,-1.8212540515443638,0.06856824753447066
diag_1191,-0.4944262189605957,0.7175493158812326,-0.6890484152345456,0.4907928005087453
diag_1192,-16.52812857006879,1947.255548110621,-0.008487909348162171,0.9932277094955373
diag_1193,-0.7704634767819838,0.9257700013754384,-0.8322407030226601,0.40527309327475314
diag_1194,-16.161243224181483,2793.3301397074383,-0.005785654547039737,0.9953837413167447
diag_1195,-0.45196098182050953,1.0742468620611672,-0.4207235764722905,0.6739569431022021
diag_1196,-0.8722681962734788,0.8601718424810639,-1.0140627176978083,0.31055282644759047
diag_1197,-0.6641078557161731,0.5598342498038088,-1.1862579968069238,0.2355204287735914
diag_1198,-0.7405060441753228,0.5689976841617747,-1.3014218946535918,0.19311408329961166
diag_1199,0.203395855564759,0.8556712285182185,0.23770327759761575,0.8121112413720688
diag_1200,0.04548943602101668,0.806998016513985,0.05636870858433934,0.9550480842385161
diag_1201,-1.1176313847032027,1.1959525306247585,-0.9345114927925765,0.3500401104044952
diag_1202,-0.18411445968381188,0.591605522536397,-0.31121152976134486,0.7556398184803166
diag_1203,-0.6480772916690712,0.7343579709131437,-0.8825086910450689,0.37750178196015477
diag_1204,0.4509643866434338,0.7253299903644956,0.6217368544444349,0.5341149137239394
diag_1205,-1.9440085454598424,1.1619153987671436,-1.67310679204574,0.09430627469523357
diag_1207,-16.40295745304347,3956.1803669762453,-0.004146160167510371,0.9966918522939286
diag_1208,0.8795862790194071,1.109851565624008,0.7925260514678506,0.4280540077367403
diag_1210,-15.223128120938835,1420.8601772413028,-0.010714022649642824,0.991451610289414
diag_1211,-1.4091285537437057,0.6831019266800449,-2.0628379143830484,0.03912803046647543
diag_1212,-16.632055033169426,1262.9841404827305,-0.013168855015718897,0.9894930775832629
diag_1214,-15.994507127712273,1759.9678493246795,-0.009087954154304327,0.9927489615027792
diag_1215,-16.257460284792856,1743.7485801540763,-0.009323282306762572,0.9925612047593854
diag_1216,-15.926097105971113,3956.1803703659352,-0.004025624621482563,0.9967880249422927
diag_1217,-16.15267348523876,3956.180369470784,-0.004082896121189615,0.9967423292724608
diag_1218,-2.400112574297232,0.9259902846873704,-2.591941420970253,0.009543602031733144
diag_1219,-2.1539052615925613,4762.775595048764,-4.52237402037521e-4,0.9996391667713962
diag_1220,-0.9825883489260896,0.8275211840487644,-1.1873875471303794,0.2350747896824676
diag_1223,-16.089205927355096,1482.600152086865,-0.010852019612104044,0.9913415110447166
diag_1225,-0.28964908743987317,0.6850319510677578,-0.4228256608883684,0.6724224639436898
diag_1226,-15.682488533103417,838.0561717000533,-0.018712932453310897,0.9850701114559774
diag_1227,-1.573756030050148,0.9366849146279002,-1.6801338480777452,0.09293127656577521
diag_1228,-15.929331230528843,1758.0253175023486,-0.009060922543004028,0.9927705287200895
diag_1229,-16.804105699593617,2668.73923814017,-0.006296645794178193,0.9949760367341414
diag_123,1.8012868702944609,1.698331946182381,1.0606212020821422,0.2888620831523943
diag_1230,-0.7040614534962788,1.1978157211983265,-0.5877877882516996,0.5566747417645912
diag_1233,-1.7257386900971803,1.1715540601872625,-1.4730337666375688,0.14074193106273175
diag_1235,-1.8984434930277185,1.1614323523472205,-1.6345708720710426,0.10213903793504618
diag_1236,-15.905166887335511,2280.167809365849,-0.006975436992840887,0.9944344516521515
diag_1237,-16.0026325688941,1462.9244388548464,-0.010938796388841997,0.9912722773038306
diag_1238,-0.9126648156348746,0.688098381645281,-1.3263580324846032,0.18472113289719258
diag_1239,0.006759219231953336,0.6906380395417371,0.009786919985522835,0.9921912923038904
diag_1240,-15.301402338098306,2145.8272546904354,-0.0071307708039647115,0.9943105162853094
diag_1241,-0.3168119088099303,0.727009495790929,-0.4357741001240485,0.6630006369912375
diag_1242,0.16522424416064807,0.7815585857359982,0.21140353029972211,0.8325724022146932
diag_1244,-16.222429323703746,1177.9436930870809,-0.013771820689653698,0.9890120242341683
diag_1245,-15.907472681944292,1917.3959697784812,-0.008296394136982617,0.9933805111445947
diag_1246,-15.747820885267904,2795.8217107444193,-0.005632627010781338,0.9955058376353463
diag_1250,-1.0904067275835287,0.5945843328372881,-1.833897510182001,0.06666920924664595
diag_1250.01,-1.5253142523132817,0.9079460453157133,-1.6799613371110564,0.09296483839889874
diag_1250.02,-1.1103561672101578,0.5524877520638878,-2.0097389726057857,0.04445882284343917
diag_1250.03,-0.6981605740114898,0.6138192989201608,-1.137404078431068,0.2553694031291609
diag_1250.1,-0.9059553284949855,0.5648631768067418,-1.6038491544385844,0.1087473067051973
diag_1250.11,-0.754778158306365,0.5494087045632481,-1.3738008736253553,0.16950350985134086
diag_1250.12,-0.9817875328781503,0.560917168775948,-1.7503253377332693,0.08006219117189821
diag_1250.13,-0.7264364970868257,0.5459148434580927,-1.3306773131230873,0.18329521105975582
diag_1250.2,-1.4646294179410506,0.6633100902993687,-2.208061417066679,0.027239992121879452
diag_1250.21,-0.9266856029748676,1.0679878382927799,-0.8676930295912457,0.38556240275373943
diag_1250.22,-1.2884681630255483,0.6265184213972492,-2.0565527189959263,0.03972927022869782
diag_1250.23,-0.40964622780266613,0.7433661027056321,-0.551069286468236,0.5815861788891596
diag_1250.3,-1.0484719451715498,0.9229158200897009,-1.1360428788290202,0.255938619249436
diag_1250.31,0.08645675405300855,0.8386556432049548,0.1030896945051377,0.9178917840385398
diag_1250.32,-0.4839845573299614,0.9311857080400052,-0.5197508436299676,0.6032372446012423
diag_1250.33,-1.420304406968022,1.1662058915153954,-1.2178847811533904,0.2232677603220921
diag_1250.4,-1.2706437988044696,0.577959629785723,-2.198499226106082,0.027913549646702382
diag_1250.41,-0.052575166864552596,0.5913462132910086,-0.08890759031322269,0.929155351246247
diag_1250.42,-0.25773488674632167,0.5945817741987609,-0.4334725649699519,0.6646714930520037
diag_1250.43,-0.337024979264742,0.736229580708127,-0.45777158116980515,0.6471165550310136
diag_1250.5,-15.928097386516605,1295.607728756743,-0.012293919705002923,0.9901911183627337
diag_1250.51,-15.960971200154157,3956.180364487088,-0.004034439719540813,0.9967809915687654
diag_1250.52,-16.322165267323545,1882.8691229730457,-0.008668773133605211,0.9930834063833025
diag_1250.53,-16.10310911480384,1948.3142224328622,-0.008265149907234095,0.9934054395784234
diag_1250.6,-0.545590404032143,0.5400081564412608,-1.0103373393981123,0.31233369752920626
diag_1250.7,-0.5550131736540974,0.5445946112804233,-1.019130858363028,0.3081408459672606
diag_1250.8,-0.9466511817169834,0.5387600828767857,-1.7570922787415977,0.07890208160491194
diag_1250.81,-0.7521249071542097,0.5799323716462191,-1.2969183027655413,0.1946592982570327
diag_1250.82,-0.5698646038159206,0.5514252996360224,-1.0334393510636335,0.30139833906516084
diag_1250.83,-1.292897472301122,0.6553985701191184,-1.972688881616172,0.04853101947506667
diag_1250.9,-15.795725253135172,1417.2205879952023,-0.01114556575520807,0.9911073092766168
diag_1250.91,-15.440172924189257,1797.7249160538215,-0.00858872944704016,0.9931472696274611
diag_1250.92,-0.27453236056640673,0.6584007287202762,-0.41696849440007644,0.6767014524196586
diag_1250.93,-0.6543985076476982,0.9681187971261702,-0.6759485608483787,0.4990733046172439
diag_1251,-0.5789369235318615,0.9397020279818625,-0.6160856380987142,0.5378380003611727
diag_1252,-0.7856780338579974,0.953906027835791,-0.8236430119228128,0.4101424289173211
diag_1253,-1.0474163661271467,0.7165032814438609,-1.461844478948438,0.1437838323361522
diag_1255,-0.44172577431065846,0.7747181548147652,-0.5701760976755151,0.5685582660808683
diag_1261,-16.273525867692225,1974.0751736352113,-0.008243620144274913,0.9934226172586764
diag_1262,0.057391660408129395,1.3459580204420547,0.04264000773908252,0.9659885029133874
diag_1263,0.48591895322653633,0.823355054735199,0.5901693934250684,0.5550770893583099
diag_1266,-16.1969909885349,2265.6333933851174,-0.0071489902275560695,0.9942959796590474
diag_127,0.11516363541891597,2.132719624242568,0.05399848817906205,0.9569363687444112
diag_1271,18.63984600135937,2207.3136817915824,0.008444584091115767,0.993262276810356
diag_1272,-16.383368855362765,1584.3435681148896,-0.010340792985233816,0.9917493879732924
diag_1273,-16.32263164146125,1570.8683164752758,-0.010390833827552187,0.9917094633028134
diag_1274,-0.864548462502603,0.6237658863618569,-1.3860143387210888,0.16574252517330731
diag_1275,-1.6225665120735786,0.829661975325515,-1.955695886191446,0.05050098964151625
diag_1276,-0.720992547184273,0.5364639200954969,-1.3439721110339122,0.1789574055155768
diag_1277,-0.9355675046079539,0.7771933341140129,-1.2037770571906472,0.22867575957944597
diag_1278,-1.2385377338255155,0.5841091168424914,-2.1203876092889242,0.03397337077329537
diag_1279,0.9620327641067355,1.5254626230665382,0.630649843240881,0.5282695009740537
diag_1280,-0.8983746898958096,0.5662360437448725,-1.5865727726449501,0.11260943808792247
diag_1281,0.3721927594561462,0.7359629804190803,0.5057221210287073,0.613051736858919
diag_1282,-0.918262599154389,0.6339845144440484,-1.4483990984537356,0.14750546679796145
diag_1283,-2.495553417351272,1.2098590573281518,-2.0626811050722242,0.03914293627155324
diag_1284,-0.623294319916818,0.6500584888232459,-0.9588280602951942,0.33764537070696976
diag_1285,-0.6680591266789029,0.5544818792078383,-1.2048349129701532,0.22826703909742518
diag_1286,-1.2455559342558957,0.7562497994622593,-1.64701654815851,0.09955464450788158
diag_1287,-0.42847326621398835,0.6126985179454735,-0.6993215319840547,0.4843511136583026
diag_1288,-0.7687401797325268,0.6133702679535777,-1.2533052544221268,0.2100946369341104
diag_1289,-1.7400824845782024,1.1656782518010045,-1.492763961144276,0.13549898402237764
diag_1290,-1.0786217866617247,0.6605633652644333,-1.6328816331343723,0.1024938937261618
diag_1291,-0.5954211432510701,0.6235268866173899,-0.9549245686600744,0.33961584426142044
diag_1292,-0.7854465874621129,0.6093337336929455,-1.2890252812720753,0.19738929762451982
diag_1293,-0.41962953481592835,0.6469939449051095,-0.6485834034775592,0.5166076857581158
diag_1294,-0.3692786080843086,0.6000876451163961,-0.6153744558641621,0.538307456838002
diag_1295,-0.7535801618491144,0.5616168099983908,-1.341804854187455,0.17965927789163405
diag_1296,-0.6473149791533936,0.5516112459652333,-1.1734985170954841,0.240595951189438
diag_1297,0.02861229502186925,0.8535901177832268,0.033519946430700685,0.9732599598171515
diag_1298,0.07991804295940763,0.6181716569219883,0.129281312180078,0.897135058052352
diag_1299,17.947684421923267,3956.18041982575,0.004536619293695855,0.996380313923399
diag_13,-16.066989765999065,1091.0642620164642,-0.014725979326189874,0.9882507930991326
diag_1300,-0.8348319440368526,0.6352552454572438,-1.3141677302262298,0.1887897654025903
diag_1301,-16.81428924598278,1842.0247782967442,-0.009128155844640898,0.9927168865251879
diag_1303,-1.2353387650854382,0.6972965690266333,-1.771611707210701,0.07645903498212576
diag_1304,-16.237845094816723,677.6491761365783,-0.02396202292665967,0.9808829013166956
diag_1305,-1.0954933429625353,0.9575105901141789,-1.1441057198457747,0.2525797958523296
diag_1306,-0.34870062160654564,0.9678687754544933,-0.36027675491732053,0.7186401806790212
diag_1307,-0.7025683058927598,0.8456402421342385,-0.830812289774205,0.40607967881438867
diag_1308,-15.80799372568281,2272.9348277379618,-0.006954882090224742,0.9944508516937813
diag_1309,-0.6660607311390746,0.7435399257693607,-0.895796860471055,0.37036126697964966
diag_131,-14.57639546341713,1086.9919291096264,-0.013409847003516304,0.9893008107759547
diag_1310,-0.3815006629373026,0.9683889686318738,-0.39395395372613684,0.6936150353604604
diag_1311,-0.7726506845862104,0.680545838102343,-1.135339666084353,0.25623302849472057
diag_1312,-0.46446566007264956,0.9112975868619104,-0.5096750685712398,0.610279122335085
diag_1314,-15.586046903844633,3956.1804143024856,-0.003939670407218426,0.9968566059388686
diag_1318,-16.01863499699571,3956.1803673506906,-0.004049015340451428,0.996769362000865
diag_1320,-17.14826809509397,1335.7902502450354,-0.012837545484366516,0.9897574019946115
diag_1322,-15.558875515543502,2797.0338494010143,-0.005562633973441344,0.995561683124269
diag_1323,-16.18718662920216,1243.6936782191488,-0.013015412808385963,0.9896154962593762
diag_1324,-16.42898765925931,1538.8296356204316,-0.010676287536297287,0.9914817168318129
diag_1325,-15.752611872098047,3956.180370771671,-0.00398177292129515,0.9968230132564089
diag_1327,-0.7744046269284586,0.9306449085942278,-0.832116116229792,0.40534340585958706
diag_1331,-0.7623284310691669,0.5861209263574821,-1.3006333621403814,0.19338398177202498
diag_1332,-0.7408154795606596,0.6719165161222391,-1.102540958266735,0.27022656227217173
diag_1333,-0.8922319057797959,0.7647543492955114,-1.1666908551768502,0.24333523719212086
diag_1334,-16.773635082872424,2764.376162644597,-0.0060677831438199,0.9951586392194618
diag_1335,-16.049605109301105,1292.207133906851,-0.012420303748654311,0.99009028618438
diag_1336,-16.325902558003122,2264.4817403534234,-0.007209553632989373,0.9942476582982144
diag_1337,-15.699984274617687,1233.9569840711752,-0.01272328328887039,0.9898485625908877
diag_1338,-0.1264398671346026,0.8088031499790653,-0.1563295928531872,0.8757732313711147
diag_134,0.010826975114060328,1.0748264042276816,0.010073231427395078,0.9919628600883367
diag_1340,-0.1889948638122119,0.6621861411575519,-0.28541047911669437,0.7753296801013576
diag_1341,0.35666109067331636,1.0853215569702428,0.3286225067425757,0.7424410341622136
diag_1342,-16.057177675897158,1325.4188841052555,-0.012114794702609661,0.9903340287930174
diag_1344,-16.155401398886355,1607.6620417170807,-0.010049003447037541,0.9919821902414203
diag_1345,-1.1592517150669286,0.6398691420265,-1.8117012353424577,0.07003237265662522
diag_1346,-1.7808493844218212,0.7575153085292591,-2.350908772892523,0.018727624715114133
diag_1347,18.934731817689503,3956.1803721970978,0.004786114392244948,0.996181247799487
diag_1348,-0.5159254684350734,0.5824324855745663,-0.8858116283230938,0.37571904266542444
diag_1349,-1.2654675418492545,0.8202256964967943,-1.5428284522834383,0.12287240412423908
diag_135,-16.354080815686608,1235.2080424705616,-0.013239940360958564,0.9894363646281497
diag_1350,0.1772833114854601,0.9117368302202885,0.19444570583226953,0.8458269047185032
diag_1351,-1.8624598131643226,1.1592560303953876,-1.6065992018424897,0.10814231772612035
diag_1352,1.3907632763329418,1.56545879815143,0.8884061835260199,0.37432230039046294
diag_1353,-16.30429418107771,1589.273629477435,-0.010258959740267436,0.9918146779926754
diag_1354,-0.6908002942643646,1.2019907123413545,-0.5747135041657324,0.5654850729257175
diag_1355,-1.461612736173355,1.1798836824005472,-1.2387769726585358,0.2154281039311312
diag_1356,1.5843076425447142,1.0757312665618668,1.4727727005726095,0.14081233577387947
diag_1357,-0.9118669126860408,0.9332392819115927,-0.9770987252253528,0.32852027881434964
diag_1358,0.9428635892920433,0.7920050976583138,1.1904766674858105,0.23385909531469332
diag_1359,0.8828254233306778,0.9629020341208455,0.9168382577327508,0.35922740170670087
diag_136,-15.86032941000094,2794.686533620951,-0.005675172946660109,0.99547189143256265
diag_1360,-16.074516680971232,2796.762893648993,-0.00574754360388359,0.995414148944298
diag_1361,-15.688431594549114,1716.6440998527132,-0.009139012329868008,0.9927082246645446
diag_1362,-16.153439634957103,1382.2721577005605,-0.011686149898171065,0.9906760136449123
diag_1363,-17.229596992678818,3956.180621386191,-0.004355108788395462,0.9965251369217313
diag_1365,-16.48877528157451,3956.1803873296894,-0.0041678522380785505,0.9966745446752754
diag_1366,-15.334127745389724,3956.1804492672545,-0.0038759930043711327,0.9969074127675231
diag_1368,-0.2920297394749076,0.9633173053401338,-0.30315010210659094,0.7617754734835888
diag_1369,-16.70787637469715,2708.1910427482762,-0.006169386173636397,0.9950775732481261
diag_1370,-16.158764633162825,2268.028513312805,-0.00712458619383072,0.9943154507649031
diag_1372,-0.9609077617131313,4562.520799858652,-2.1060896023595123e-4,0.9998319583635032
diag_1373,-16.56027464188513,3956.180365193054,-0.004185925087638672,0.9966601247534302
diag_1374,1.3687672824388073,1.5544833619470038,0.880528744112394,0.37857294073420356
diag_1375,14.319612971251402,6247.128814647024,0.002292191084275007,0.9981710977249986
diag_1376,-0.7142540761087808,1.18867653403371,-0.6008817837809903,0.5479187269061481
diag_1377,-15.792081832436223,2251.2082438238976,-0.007014936035242935,0.9944029367471174
diag_1378,-16.2833472542961,1083.7720580108164,-0.015024697429626466,0.9880124769055031
diag_1379,-15.918077479977763,1667.3756222840352,-0.009546785539644971,0.9923828829182199
diag_138,-1.0418186915876753,0.5387957609407887,-1.9336059544502737,0.05316159460828002
diag_1380,-1.3405742572734909,1.187485993560877,-1.1289179531739595,0.2589324465135811
diag_1381,-15.478760094954666,3956.1803684416586,-0.003912551666862388,0.9968782433963422
diag_1382,0.23947481160305129,1.304749727205315,0.18354080220119304,0.8543737069666276
diag_1383,-0.7312065331800733,1.242719410846598,-0.5883923006255625,0.5562690044967273
diag_1384,-15.511213722244682,2698.163359478288,-0.005748804522067152,0.9954131428937678
diag_1385,0.3540514628503803,2929.172044040169,1.2087083227861266e-4,0.9999035590293084
diag_1386,-2.194773528834724,0.7435457236908759,-2.9517667292068057,0.0031596152672254928
diag_1388,-15.525794561695305,1722.1441326657496,-0.009015386265993046,0.9928068599285235
diag_1389,-16.36245583843983,3956.1803879302693,-0.004135922590476233,0.9967000206285477
diag_139,-16.151423607815396,2777.869060779049,-0.005814321429277791,0.9953608688387181
diag_1391,18.73520676385834,3956.1803692243707,0.004735680635190926,0.9962214876595356
diag_1394,-0.8366540550639826,1.1903746081126465,-0.702849379818768,0.4821496201842326
diag_1395,-16.299860568365784,1754.761274218861,-0.009288933376776127,0.9925886100535755
diag_1396,-0.3097379064568164,0.7333299150877571,-0.42237184121931026,0.6727536279375884
diag_1397,0.010608785248264413,1.2710659132357545,0.008346369088962202,0.9933406382825173
diag_1398,-0.9234994276320893,0.6023500881788473,-1.5331606083502185,0.1252362873404146
diag_1401,-0.9258667620376371,0.563643000594512,-1.6426474932910786,0.10045588830211213
diag_1402,-0.7871892275418326,0.5534347456260347,-1.4223704488437556,0.15491873720720703
diag_1403,-0.598315792889025,0.5472068314541739,-1.0933997137773876,0.2742183391651699
diag_1404,-0.8590773530260807,0.5651431331943032,-1.5201057972170728,0.1284843878380806
diag_1405,-16.32358590426873,2271.71876779132,-0.007185566336690235,0.9942667968958437
diag_141,-16.57904979830631,1375.0926913812823,-0.01205667799866832,0.9903803958273857
diag_1410,-0.8065723350100283,0.5354172590945349,-1.506436935510922,0.13195504497726432
diag_1411,-0.9172207004944705,0.5800599188459854,-1.581251644346084,0.1138205112197509
diag_1412,-15.297842309978163,3956.180369180837,-0.0038668212473704075,0.9969147307159892
diag_1413,-0.6457351494872191,0.6156789998056758,-1.0488178899897997,0.2942619420193547
diag_1414,-0.8004430310906472,0.5358119267445859,-1.4938880438027413,0.13520488397560634
diag_1415,-1.1434921425578923,0.5594906229492879,-2.0438093073483703,0.0409723893389298
diag_1416,-1.4817465630089925,0.712498331164733,-2.079649169966134,0.03755772349884648
diag_1417,-16.009093284345074,2792.937565403447,-0.005731991105942434,0.9954265578378803
diag_142,-1.1734312492129007,0.7560675405400418,-1.5520190806958138,0.12065765814952883
diag_1420,-0.3303411874705898,0.6333159230990724,-0.5216056874965279,0.601944902521008
diag_1421,-0.7448947150993173,0.7025136419450381,-1.0603277582438675,0.2889955151351471
diag_1422,-16.153507757333628,2792.327818515491,-0.005784961081654608,0.9953842946128095
diag_1423,-0.5222713096160604,0.6314543449967217,-0.8270927482790096,0.4081844941449281
diag_1424,-0.7054239904511509,0.5828021687033966,-1.2104004211593107,0.22612528037728144
diag_1425,-1.187399843428204,0.6828471780224628,-1.7388954390452847,0.08205315664261559
diag_1426,-0.7941495433252796,0.5691638979922525,-1.3952914900728466,0.16292795723158776
diag_1427,-0.961325849647848,0.5361374756716075,-1.7930584845680044,0.0729635729662366
diag_1428,-0.7114759992620113,0.533155478845815,-1.3344625113901631,0.18205232506218202
diag_1429,-0.5922992873887368,0.7034675414451157,-0.8419710256595369,0.3998041719019359
diag_1430,-1.2586399424536303,0.9101224957995148,-1.3829346579857402,0.16668490217120235
diag_1431,-1.4561415695715758,0.6267619459678074,-2.3232769298446976,0.020164280342692312
diag_1432,-0.8886312052165914,0.6339472883674616,-1.4017430494970502,0.16099199031359512
diag_1433,-0.7987269347405427,0.5460157720602722,-1.4628275877942494,0.14351456217338532
diag_1434,-0.397741637727148,0.5361816986902939,-0.741803830117091,0.4582061996481903
diag_1435,-1.133922597266544,0.5454673275951779,-2.078809380326611,0.03763487437899581
diag_1436,-0.7637948888814001,0.5848212849564085,-1.306031275756887,0.19154192190136643
diag_1437,-0.7920298542136812,0.63524249205074,-1.2468149787284977,0.21246534695448113
diag_1438,-0.09870983029565882,0.6020964706923929,-0.1639435457612722,0.8697755862858049
diag_1440,-0.5218309676979741,0.5414792981416968,-0.9637136073139752,0.3351895303121373
diag_1441,-0.8951766609593391,0.6169381301210128,-1.4509990828152406,0.14678011560610113
diag_1442,-1.1607891605116247,0.8196081046122212,-1.4162734043007366,0.15669547148830218
diag_1443,-0.11652950102115421,0.5840671651454782,-0.19951387096401713,0.8418607940054725
diag_1444,-0.45565958998924916,0.5776665190047705,-0.7887934907051212,0.4302327146082765
diag_1445,0.3964931289071098,1.0134375954166919,0.391235859711801,0.695622904261226
diag_1446,-1.1023036204601466,0.9226765510244328,-1.1946804318764541,0.2322119106495553
diag_1447,-0.3571333008968364,0.6333262226038336,-0.5639010168069971,0.5728214980202317
diag_1448,-16.343349920671614,2756.1093537697507,-0.005929862651609781,0.9952686818707189
diag_1451,-0.8978178298271505,0.7545757787538888,-1.1898312337957793,0.2341127307444282
diag_1452,-0.2616231123699432,1.2627873728406527,-0.2071790690949177,0.8358700131241903
diag_1453,-0.8009505765826901,0.5506367689836519,-1.4545897072239828,0.14578288218778807
diag_1454,-16.509150466951866,1301.80125832311,-0.012681774857260322,0.9898816788557775
diag_1455,-1.3026215632554052,0.6685461874650457,-1.948439147031276,0.051362439520015964
diag_1456,-1.2973869995293925,0.9504136336385383,-1.3650761664292532,0.17222911207166855
diag_1457,0.42555133354657354,0.8517359288476858,0.4996282522944668,0.6173368607293688
diag_1458,-1.1520086008974366,0.5577207351622184,-2.0655653058378114,0.03886954319965657
diag_1459,-1.401733823105841,0.6559555821932402,-2.136934056447894,0.032603355532888484
diag_1461,-16.06759544150518,886.0844961412142,-0.0181332542341927,0.9855325492660189
diag_1462,-15.826104780285362,1140.4068840609198,-0.01387759491939365,0.9889276366739354
diag_1463,-15.286732266681275,1666.9761780475274,-0.00917033636592582,0.992683232747077
diag_1464,0.18358570848095124,0.9852714572749901,0.18633007901061352,0.8521859208435512
diag_1465,-1.0572417767141518,0.7552355039753107,-1.3998835742615112,0.16154818557050332
diag_1466,-0.890934562280789,0.5757921358863958,-1.5473197821801636,0.12178615385204497
diag_147,-0.8183964144729577,0.9180199283304725,-0.891480009547623,0.3726717112901242
diag_1470,-14.91010695780937,1777.345318859445,-0.00838897585044276,0.9933066441954675
diag_1471,-12.775287251866946,3956.180573228289,-0.0032291972055871463,0.997423477883748
diag_1473,-0.2829594877206499,0.8276944534232937,-0.34186466582003383,0.7324527418279286
diag_1474,-14.837898739870106,1885.3779790182605,-0.007869986233527764,0.993720724310189
diag_1475,0.5256452447855474,0.9115496974341102,0.5766501226045799,0.5641758324924208
diag_1477,-16.190323154440325,3956.1803708805887,-0.004092412791289542,0.9967347361317546
diag_1478,0.28266574801660693,0.7482482061424308,0.37777003098193973,0.7056014386315779
diag_148,1.084720091783186,1.520252017011023,0.7135133383449548,0.47552816236265866
diag_1480,-1.4943282740712867,1.163054249780128,-1.2848311025507066,0.19885131111383209
diag_1481,-1.9457543009707867,0.7978061320106481,-2.438881105196641,0.014732814637923208
diag_1482,-0.885751064183493,0.5590263818577197,-1.584453065059333,0.11309065433619717
diag_1483,-16.02663683475897,1730.3342021427118,-0.009262162659047498,0.9926099690770921
diag_1485,-1.1193444254423595,0.7566957213785784,-1.4792530125624248,0.13907270587457146
diag_1486,-1.2032688346550293,0.5354470484566181,-2.247222835803003,0.024625789473056162
diag_1487,-0.9885526638577135,0.6395458833451116,-1.5457103072685574,0.12217454683461142
diag_149,-14.914972707753908,1551.8946477274212,-0.00961081522485772,0.9923317969646734
diag_1490,-1.0383165588865029,0.6540140626083252,-1.5876058608671357,0.11237549208440083
diag_1491,-0.8499981736068851,0.5361319879764753,-1.585427082638803,0.11286933191882374
diag_1492,-0.9744518624419481,0.8167366155956206,-1.193104170713971,0.23282857831359907
diag_1493,-1.0179157025192733,0.5432554438480365,-1.8737330919485684,0.06096722243209564
diag_1494,-0.9228823324574211,0.8004800346731029,-1.15291111893166,0.2489468677994012
diag_1495,-16.28409029255559,1729.4864446206668,-0.00941556399196134,0.9924875778593263
diag_1496,-1.0534501644182015,0.6536548234378019,-1.6116306751593057,0.1070423314227715
diag_15,-0.5301798403336561,1.2084751975370878,-0.43871801540832617,0.6608658716664655
diag_1500,-16.149595004589216,2790.0080671406076,-0.005788368569536228,0.9953815758763571
diag_1501,-16.3018169133909,2252.8083590475094,-0.007236220004209915,0.9942263821673216
diag_1506,2.1773435802084387,1.5150646390482156,1.4371291653775746,0.1506812954489904
diag_1507,-0.6798376856107073,0.5447203916164203,-1.248048900084933,0.21201314995124818
diag_1508,0.48827385797611866,1.3025463309104253,0.3748610290390482,0.7077638234668302
diag_1510,-2.0966709203965563,1.1508711415557191,-1.8218120558330522,0.06848350785245164
diag_1511,-0.4929670203498823,0.5602049564920659,-0.8799761848534522,0.37887221101897856
diag_1512,-0.46028511234393926,0.665899047093123,-0.6912235636216048,0.4894250579843709
diag_1513,-1.3771102572780378,1.18415163622317,-1.1629509390117516,0.2448494083361114
diag_1514,-0.5486863907140089,0.6694416018835818,-0.819618005768078,0.41243390576531136
diag_1515,-0.7892939687027514,0.6069560763198963,-1.3004136534696356,0.19345923286261987
diag_1516,-0.9006337388886609,0.7606984463800143,-1.1839563274705844,0.23643035104590587
diag_1518,-1.1439268889565457,0.5427881179908829,-2.107501713911431,0.03507411328356159
diag_1519,-0.8217197597550565,0.7226801972555592,-1.1370447991734223,0.25551955825010625
diag_152,0.33451692623724766,1.5986131312342917,0.20925445919424332,0.8342496010220684
diag_1521,-16.09932136738253,1178.2244727905243,-0.013664052766831993,0.9890980025057429
diag_1522,-16.12661978864853,744.5170956652294,-0.021660509721726836,0.9827187650527701
diag_1523,-15.856315832020847,3956.1803817433834,-0.004007986062817841,0.9968020983623901
diag_1524,-16.10003507571906,1937.162158859204,-0.0083111447341096,0.9933687422766385
diag_1526,1.2728201665878798,0.9503914687123816,1.3392588301664095,0.18048642641063872
diag_1527,-1.8186977985322366,1.164395323935764,-1.5619246841226306,0.11830573266393717
diag_1528,-16.54992580725857,828.3622303982887,-0.019979092720464962,0.9840600508292456
diag_1529,0.4653473125197508,1.3168139784674027,0.35338880064240624,0.7237969806957394
diag_153,-0.6810617386121544,0.6805058716814023,-1.0008168436950862,0.3169153647924614
diag_1530,-1.060276426854527,0.5541310234262189,-1.9134038377761033,0.05569637347159997
diag_1531,-1.1370475413341528,0.5775830137389685,-1.9686305072815513,0.04899553666862211
diag_1532,-1.2841319446085824,0.5982058810405004,-2.146638783248008,0.03182204980115987
diag_1533,-1.1356837583066595,0.931290425399788,-1.219473246295997,0.22266462418413857
diag_1534,-0.8597931403066967,0.919999869299984,-0.9345578939711179,0.35001618703081483
diag_1535,-1.1683277773506189,0.5594513054200162,-2.0883457881530543,0.036766653901217805
diag_1536,-0.8552897314484313,0.586917323713884,-1.4572576015244287,0.14504528568973582
diag_1537,-0.4792376931462662,0.5969714867420584,-0.8027815461701222,0.42210101012861795
diag_154,-0.9895951177830696,1.2007274470934206,-0.8241629856788606,0.4098469554897507
diag_1540,-1.777676280511983,0.6592200438325229,-2.6966356638324664,0.007004385965684994
diag_1541,-0.5614669217945218,1.1959000563941251,-0.4694931811337609,0.6387171577483195
diag_1542,-15.774806208681492,2775.6339969060336,-0.0056833163977186765,0.9954653940034757
diag_1543,18.699851777459934,3956.1803663134397,0.004726743991929104,0.9962286179894151
diag_1550,-0.7160789129773824,0.6920265952242185,-1.0347563488443257,0.30078271315685484
diag_1551,-0.6107139812698759,1.2130737085328622,-0.5034434239024904,0.6146525479659961
diag_1552,-0.9046250339117741,0.5831539736896609,-1.5512627448770357,0.12083873099329884
diag_1553,-1.285342774538592,0.636887663743787,-2.0181624605240764,0.04357434434730728
diag_1555,-1.3432127769101538,0.8054408773377939,-1.6676739593225585,0.09538046752493153
diag_1556,-1.8074024241441207,0.9075702234790216,-1.9914739128568364,0.046428810434132474
diag_1557,-1.1520377829884652,0.5901056958424062,-1.9522566738554725,0.05090773858018214
diag_1558,-0.7386216933095856,0.5584586353011501,-1.3226077038119075,0.18596587098626538
diag_1560,-0.9256918484656288,0.543809747081347,-1.702234749255344,0.08871137111903084
diag_1562,-0.921907740602059,0.5443645476953596,-1.6935484584826093,0.09035111920995911
diag_1564,-0.8516625536601836,0.5937772600133224,-1.4343131861282041,0.15148290905133538
diag_1565,-1.3249220641960302,1.1942722340964504,-1.109397025543699,0.26725894497787955
diag_1566,-3.1288148749035365,1.1508752427753197,-2.7186394829021108,0.006555101130539784
diag_1567,-0.16928528191307415,0.6240710222548905,-0.27125964173342537,0.7861913443511868
diag_1568,-1.0277991857369393,0.8177450184373226,-1.2568700053973079,0.20880071136903305
diag_1569,-1.1146565872453946,0.571153451625504,-1.9515886388729324,0.05098706317365529
diag_157,-15.96724348775044,3956.1803820291702,-0.004036025141897261,0.9967797265950438
diag_1570,-0.41057660234006677,1.231143219367672,-0.33349215256283765,0.7387628121100565
diag_1571,-0.5850312137993074,0.5682676236133133,-1.0294994637903236,0.3032450316212574
diag_1572,-0.5333823044140081,0.5638510483539906,-0.9459631332974769,0.344167390363361
diag_1573,-1.3985796188081345,0.809396088441429,-1.7279297970184608,0.08400081142231909
diag_1574,-0.9930875130593566,0.5454743491405333,-1.8205943407313228,0.06866854373390306
diag_1575,-0.6862802116971108,0.5755187146442869,-1.1924550744127977,0.23308285630691497
diag_1576,-0.4131951522858506,0.6104877531231857,-0.6768279137001378,0.49851514534972147
diag_1577,-0.7504601012861283,0.5412060600754184,-1.3866439359188805,0.16555036396037484
diag_1578,-0.9693636579592723,0.5485487591159137,-1.7671421944725176,0.07720441762290649
diag_1579,-16.219981115566593,1479.4561307845681,-0.010963475548926889,0.9912525873637427
diag_158,-16.44424328967236,2759.4236690309112,-0.0059593035582852175,0.9952451918408772
diag_1580,0.7594268613517448,1.5781992437368049,0.48119834321653865,0.6303755382677056
diag_1581,-0.9482737657022947,0.9254835909550932,-1.0246251526984742,0.30554009162622003
diag_1582,-16.10280096521824,2795.1618303507075,-0.005760954800673502,0.9954034485345917
diag_1583,-16.201903106428244,1762.1875735302403,-0.009194198931939188,0.992664193976709
diag_1584,-0.8189708123513033,0.5378679977551577,-1.522624167582668,0.12785275985851818
diag_1585,-0.9070167076147196,0.6385673274513071,-1.4203932281265716,0.155493233191639
diag_1586,-0.015388859277604899,0.7462431419974932,-0.020621776484823755,0.9835473690359344
diag_1588,-0.003738289926134397,0.9814401688630552,-0.0038089840264689816,0.9969608778017169
diag_1590,-1.3517649579282411,0.5755016263344576,-2.348846460327206,0.01883167042064287
diag_1591,-0.8036882914705321,0.931497349355821,-0.8627918179545272,0.38825193856316514
diag_1592,-0.6806825134026625,0.5687488464873375,-1.1968068464782673,0.23138184909689963
diag_1593,-0.1549701773544101,0.5883039240726395,-0.26341856821487986,0.7922279804742235
diag_1594,-0.32211674606031143,0.9567282064501124,-0.33668574197839113,0.7363538127410938
diag_1595,-1.0967209657931547,0.6435207462506427,-1.7042511405933705,0.08833417870807879
diag_1596,-2.3504090468219574,0.9578301998870145,-2.4538890578927366,0.014132057375104
diag_1598,-0.23575697189790226,1.267321009057028,-0.1860278257939725,0.8524229403573096
diag_1599,-1.012590422626788,0.5383166853769906,-1.8810310921677207,0.05996768946490556
diag_1600,-0.7201908453847631,0.5805611975829938,-1.2405080607920038,0.2147875345759277
diag_1601,-16.18049939990443,961.2224938496679,-0.01683325088981429,0.9865696432771457
diag_1602,-16.14485259004168,2281.274030184841,-0.007077121107074338,0.994353321470027
diag_1603,-13.896057128891647,1984.7653105157226,-0.007001360339818155,0.994413768318904
diag_1604,-0.9051237434878279,0.7709278086191801,-1.1740706890688093,0.24036671265325277
diag_1605,-15.804234293178618,3956.180374907003,-0.003994821468055567,0.9968126021052108
diag_1607,-1.3279746170704163,1.1637304326387696,-1.141135936489365,0.25381335867653776
diag_1608,-0.49783388737516043,0.6576104090983745,-0.7570346826743849,0.4490290841133209
diag_161,-15.768727336904128,3956.1803648460395,-0.003985846418182147,0.9968197631019255
diag_1610,-16.032182209430324,2795.9625964976713,-0.005734047454537784,0.9954249171360475
diag_1611,-0.5998595027778041,0.7645975304260643,-0.7845428201207221,0.4327216665678181
diag_1614,-2.000534035976949,1.2034672650275446,-1.6623086427956653,0.0964509057593775
diag_1615,-16.22002272640163,2793.7188137762473,-0.005805889499837371,0.9953675964314826
diag_1616,-16.53605717679288,739.5353651191365,-0.022360062759309667,0.9821607376813013
diag_1617,-1.4929642818452569,1.243796238481845,-1.20032866771453,0.23001172024038313
diag_1618,-2.2644345390838003,0.7752916306030311,-2.9207519463643585,0.0034918772866615218
diag_1619,0.42155829914950593,1.2827377646385345,0.3286395012064666,0.7424281873318512
diag_1620,-2.7438333410752183,1.212345106398372,-2.263244456214768,0.023620624142665483
diag_1621,-15.837415721642095,776.8431976556805,-0.02038688858888831,0.9837347430684374
diag_1622,-15.942638154420397,1669.9594166306622,-0.009546721911713596,0.9923829336836505
diag_1623,-0.25415684024291757,1.3691913838797494,-0.18562550366241506,0.8527384521175434
diag_1625,-1.3957461639404696,0.8241184265596374,-1.6936232936413615,0.0903368888188104
diag_1626,-1.696027144536976,0.8144102594354778,-2.082521830843101,0.037294830953273427
diag_1627,-0.9598814026870686,1.2205890665174868,-0.7864083244869184,0.4316283081149541
diag_1632,-0.7999064118211806,2543.028622663355,-3.1454872536331336e-4,0.999749026432551
diag_1633,-14.967323690868565,1860.4436979229922,-0.008045029101164497,0.9935810647306282
diag_1634,-15.786834486225825,2743.645494983549,-0.005753962935477743,0.995409027143421
diag_1637,-15.589135361711493,3956.180374210807,-0.003940451113739037,0.9968559830300244
diag_1640,-17.83821243524966,3956.1805712700075,-0.004508947990087131,0.9964023922035119
diag_1641,-14.59426878062332,1172.6767506242775,-0.012445261469415185,0.9900703743432994
diag_1642,0.2934296972321123,0.914768784681457,0.32076925026939035,0.7483852637090044
diag_1643,3.006100141875578,1.3861091074925862,2.1687326961681164,0.030102983564428
diag_1644,1.515505889073078,0.9648651660676515,1.570691887706534,0.11625423442902029
diag_1645,-13.661034642347571,2539.3496152255047,-0.005379737614875223,0.9957076111206811
diag_1646,1.0240397349488108,0.9765804654872381,1.0485973978988963,0.29436345397809555
diag_1647,-14.910865269048527,1599.4664978043456,-0.009322399243446045,0.992561909311353
diag_1648,-0.22293659587050643,0.6275751445519875,-0.3552349034308172,0.7224136185201818
diag_1649,-15.413070357381956,3956.1804444055024,-0.003895947258719663,0.996891491696267
diag_1652,-13.875619579459354,931.3643942198415,-0.014898164097288991,0.988113424598814
diag_1653,-15.47217243076974,2679.8093196258033,-0.00577360945700801,0.9953933517475989
diag_1654,-1.8049441242006024,1.3006764844512237,-1.3876964377980103,0.16522950120533417
diag_1655,-13.67949169946043,1730.217050491379,-0.007906228698633779,0.9936918079064727
diag_1656,-14.811676565470778,824.1738459693378,-0.017971544035166855,0.9856615543146221
diag_1657,-14.586399837043338,2796.248308967709,-0.005216417937657403,0.9958379195405963
diag_1658,0.38446799857254343,1.084203845104621,0.35460859164859715,0.7228828387406173
diag_1659,-1.039487650032663,1.488835686325342,-0.6981882954446547,0.4850594453089488
diag_166,-16.223251759705327,1598.8332379586693,-0.010146931759073618,0.9919040587368078
diag_1660,-0.0688201449699275,1.6199118846158227,-0.04248388176141373,0.9661129606405378
diag_1661,-15.105453268114863,698.6861574683772,-0.02161979753949618,0.9827512410693175
diag_1663,-14.608839756348814,1439.424050706766,-0.010149086885949826,0.9919023392828854
diag_1664,-14.30021366379264,830.7648457882084,-0.017213311006467738,0.9862664431154035
diag_1665,-13.424254452421039,1977.2930641783603,-0.006789208284609708,0.9945830371439937
diag_1669,-16.549367082894953,2189.821789193551,-0.0075574036045141435,0.993970121743019
diag_1671,0.7539724940686008,4002.0202850217406,1.8839796911836616e-4,0.999849680170043
diag_1674,-16.363734334804608,1929.3130854781189,-0.008481637562080483,0.9932327134766955
diag_1680,-1.3373783470562388,1.1882744025964347,-1.1254793877020368,0.26038594693328754
diag_1681,-0.7701714094810137,0.6140675289130396,-1.2542128890030928,0.2097646362868796
diag_1682,-1.1115090760763646,0.5381283708326777,-2.0655091541753525,0.03887485028567244
diag_1683,-16.114116882692464,2795.8214371722493,-0.0057636430812228875,0.9954013036326563
diag_1684,-15.573948193731654,3956.180387022695,-0.003936612254794618,0.9968590459725509
diag_1685,-0.18714815920596575,1.2820252628044302,-0.14597852681668624,0.8839383399400771
diag_1686,-16.108007481051388,1318.3343004401565,-0.012218454359924759,0.9902513264742089
diag_1690,-16.7847177689908,3956.1805280856256,-0.004242657191660774,0.9966148594854982
diag_1691,-16.003191091990622,3956.180449553107,-0.004045111515021605,0.9967724767773953
diag_1692,-15.87360157006761,1718.6422350024254,-0.009236129106326313,0.9926307399584114
diag_1693,-1.239749281728277,0.9283213661606431,-1.335474251611421,0.18172117702771268
diag_1694,-0.3886798082641477,1.2432328061038618,-0.3126363834318548,0.7545569327884946
diag_1695,-1.2859914126781535,1.2148803238848953,-1.058533410571555,0.2898123270902897
diag_1696,0.5909558250660002,1.0317524719078004,0.5727689936843778,0.5668011156480657
diag_1698,-16.126788150500133,3956.180409785014,-0.004076353067876521,0.9967475498302358
diag_17,-15.867165340376799,2792.7125487136464,-0.005681632127762446,0.9954667378347734
diag_170,-0.8074590167257436,0.7009413202375432,-1.1519637855735234,0.24933595507025258
diag_1700,-16.195842858519807,3956.1803650150455,-0.0040938080077798,0.9967336229193832
diag_1703,-16.240515180692572,2787.87344100593,-0.0058254133569394075,0.995352018910766
diag_1704,-15.772228311755782,3956.180435859486,-0.003986731284749716,0.9968190570861624
diag_1705,-1.0305098415819856,1.1965803307286058,-0.8612124193571703,0.3891210611773529
diag_1706,-16.157345597548872,2280.5585215188935,-0.007084819549724944,0.994347179155484
diag_1707,-0.5568124429493585,0.5602787508990313,-0.9938132439538163,0.3203137971490384
diag_1708,-15.493532909138661,1421.9989344426524,-0.010895600927585293,0.9913067402416637
diag_1709,-0.09291525512299383,0.9896084944271639,-0.09389092317439932,0.9251958042429316
diag_1710,-0.6305360229625999,0.8271402401289819,-0.7623084845494591,0.44587591119771974
diag_1711,-0.5776707086707276,0.647427104563898,-0.8922559846484064,0.372255740595091
diag_1714,-0.43882043282070465,0.7048580184700743,-0.6225657101456885,0.5335699503453605
diag_1715,-0.6134741985570143,0.539396244314347,-1.1373349462913511,0.25539829105408585
diag_1716,-0.7613302940493077,0.7165069707441782,-1.0625581119728327,0.28798239144855975
diag_1717,0.06967118957822904,1.2608256329304135,0.05525838605953713,0.9559326145964053
diag_1718,0.3869925828602816,0.8527146037948924,0.4538359975752999,0.6499468721693101
diag_1719,-0.7948677648575492,0.693434376778219,-1.1462768381207205,0.25168062341730446
diag_1720,-16.768050419110565,1951.6561877802437,-0.00859170304897916,0.9931448971239213
diag_1721,-1.0036489150078813,0.6097580136484183,-1.6459790483156773,0.09976807267556193
diag_1722,-1.1353264226834179,0.555621425903121,-2.0433452882743492,0.041018269382823665
diag_1723,-1.2971855827860825,0.7483546766073356,-1.7333834120832528,0.08302754392864171
diag_1724,-0.9519020716148727,0.5603421998487919,-1.6987870481140688,0.08935931486323119
diag_1725,-16.78444155117261,1104.0965756454762,-0.015201968669597676,0.987871051072901
diag_1726,-2.0393383075884297,0.7988629659519476,-2.5528011617841075,0.010686048164165147
diag_1727,-0.6523246410263077,0.7205627949596868,-0.9052988103039697,0.3653071065200413
diag_1728,-0.8615947335596845,0.6090371149042438,-1.4146834609499113,0.1571613257409358
diag_1729,-1.0848674347326779,0.634046985285776,-1.711020570886729,0.08707731546226069
diag_1730,-0.8620428940654112,0.5699519445856005,-1.5124834685706416,0.13041091504057134
diag_1731,1.7615891554068424,1.2923904542582352,1.3630471732460316,0.17286764398476098
diag_1732,-14.57672826435816,2354.957112768815,-0.006189806253932044,0.9950612806924163
diag_1733,-0.843626185725297,0.5593996503185573,-1.5080920863015972,0.1315309603468006
diag_1734,-15.681297711506582,1850.0661520309854,-0.00847607405513138,0.9932371523534336
diag_1735,-15.795149442837808,2756.642404836059,-0.005729850710824121,0.9954282655980546
diag_1736,-0.32154216855639334,0.9469218482400975,-0.3395656876583805,0.7341836215403267
diag_1737,0.3273941220209872,1.0020940470195672,0.3267099759695453,0.7438872542338053
diag_1738,-1.0638559405060362,0.725611519616716,-1.4661508420759202,0.14260719732201704
diag_1745,-16.231049326198708,1449.5752332958523,-0.011197107230712473,0.9910661876951166
diag_1746,-16.0047884127589,1487.612951345833,-0.010758704674007765,0.9914159612467137
diag_1747,-16.03295956572435,1477.3555600342952,-0.010852471808040689,0.9913411502658056
diag_175,-15.635438735285451,2585.625854814815,-0.006047061567770901,0.995175172341744
diag_1751,-15.560738200455466,1682.7143728139163,-0.009247403155197426,0.9926217449530205
diag_1753,-0.15055847447699625,1.2593935512177161,-0.11954839242381401,0.9048409032893321
diag_1756,0.3754470575271235,0.8713503478318901,0.43087956349741263,0.6665559438389326
diag_1759,-15.846288100350588,1752.8407235063264,-0.009040346842611107,0.9927869450813819
diag_178,-16.168325404943218,1376.901799725758,-0.011742540686753053,0.9906310233923568
diag_1780,-1.0080587721072125,0.5375341789124891,-1.875338930347953,0.06074611083123812
diag_1781,-0.49405482408259593,0.6017781882791327,-0.8209915774704523,0.41165106574845556
diag_1782,-0.939324618981265,0.6678061022026185,-1.4065828627248231,0.159551117684145
diag_1783,-1.1237980940722958,0.8171719527770729,-1.3752284207175567,0.1690606397972059
diag_1784,-1.443288281588879,0.6402153524284708,-2.25437936799576,0.024172312117254173
diag_1785,-0.7838505257357558,0.6254703817050469,-1.253217656124597,0.21012650607186759
diag_1786,-1.122021974336708,0.5356200370603973,-2.0948095603267864,0.03618792491683539
diag_1787,-0.3852354562675594,0.5574030558500033,-0.6911254831211868,0.48948668720448574
diag_1788,-0.34145279332210066,0.7007208870498105,-0.48728787686020353,0.6260543377072807
diag_1789,-0.8220936792252986,0.5495610866440755,-1.4959095525584938,0.13467722664942
diag_179,-0.8476409659313277,0.6521419930179323,-1.2997797642330626,0.19367646296387372
diag_1790,-0.33305498647657994,0.5759941592075941,-0.5782263260008919,0.5631113272090368
diag_1791,-16.32038067045079,3956.18036487986,-0.0041252873138271084,0.9967085062791949
diag_1792,-0.3873786778561913,1.2671819754456748,-0.3057009059175957,0.7598323834880965
diag_1793,-15.88325459931554,1953.9097437129608,-0.008128960229827724,0.993514099568696
diag_1794,-1.0967892189755686,0.9194271526620592,-1.1929049689254716,0.23290659299404068
diag_1795,-15.872437574951872,2092.9515358748054,-0.007583757818987223,0.9939490947247561
diag_1796,-0.22613523813357306,1.2323817475625567,-0.1834944720504263,0.8544100558047307
diag_1797,-15.724937993084877,2138.1524970641576,-0.007354451104248358,0.9941320499083546
diag_1799,-0.958823251376901,0.6573927182036733,-1.4585242957921518,0.1446960833372869
diag_18,-0.8246313806605449,0.5482970544945787,-1.5039865231825689,0.132584836832067
diag_1800,-16.125093195505947,1754.431162594457,-0.0091910663349482,0.9926666933218782
diag_1801,-1.2502891239944913,0.9241366103373831,-1.352926731836797,0.17607903842715172
diag_1802,-1.445892910222694,0.9608364001825482,-1.504827367018975,0.13236846583548967
diag_1803,-15.179044542823798,2128.5455000556362,-0.00713118161788275,0.9943101885115607
diag_1804,-16.16992541240796,3956.18036673612,-0.004087256877458364,0.9967388499213921
diag_1805,-0.8674494419280361,0.5872805731803836,-1.4770613596673465,0.1396591901376554
diag_1806,-0.20990463612286936,1.2427369759046614,-0.16890511845442388,0.8658712731019769
diag_1807,-1.0794042701882207,0.6920474256833459,-1.5597258657849764,0.1188246769573828
diag_1808,-0.47520255050572885,0.588488464862888,-0.8074967970977075,0.4193803190737931
diag_1810,-15.591752062770151,1142.0939760291062,-0.01365189939708849,0.9891076985874256
diag_1812,-0.8531605606855592,0.5782073841059069,-1.4755269201634595,0.14007093628761502
diag_1813,-0.9984097578929232,0.6847418589215408,-1.4580819689706206,0.1448179507493832
diag_1814,-14.868358624457725,1621.9423609680764,-0.009167008015983602,0.9926858882744887
diag_1815,1.1083404015503642,1.3448026160558486,0.8241658577382895,0.40984532380267735
diag_1816,0.21804976594796527,1.4573875159379681,0.14961687510245306,0.881066893644292
diag_1817,-1.3086404102194713,4114.10582506132,-3.1808622963653746e-4,0.9997462039126488
diag_182,0.9952341460592675,0.9784213303629855,1.017183615252996,0.3090660889945411
diag_1820,-0.41760200089721783,0.5400120047770616,-0.7733198469719585,0.4393331127950382
diag_1821,-0.788162971502926,0.5983824389136558,-1.3171559194380948,0.18778636614834912
diag_1822,-0.8710894394576708,0.733566892425753,-1.1874710383631946,0.2350418737728807
diag_1823,-0.684606272181762,0.6211744257770884,-1.1021159979748367,0.2704112451805777
diag_1824,-0.48567042475305533,0.5621852917457607,-0.8638974229384357,0.38764424264124503
diag_1825,-0.7783787030024418,0.9294606041070971,-0.837452065814242,0.40233851000865145
diag_1826,0.44520053676526816,1.399678614639175,0.31807340064278755,0.7504292598796294
diag_1827,-1.772788180056416,4371.955478753745,-4.054909041667005e-4,0.9996764650768855
diag_1831,-15.43170894912187,1281.8053184779042,-0.012039042689763876,0.9903944657469173
diag_1832,-15.690786630274644,3956.1803650194147,-0.003966145418700506,0.9968354821009964
diag_1833,-16.561681887262637,3956.1803671268394,-0.004186280793686485,0.9966598409435532
diag_1834,-15.606931936289154,3956.180366952779,-0.003944949544428958,0.9968523938295261
diag_1835,-16.248564955192602,1741.7555628768368,-0.009328843439061587,0.9925567678107404
diag_1836,-15.301935535784366,1447.1568693954478,-0.010573791866929241,0.9915634919279294
diag_1837,-15.796186634730052,3956.180420181534,-0.003992787223289788,0.9968142251847578
diag_1838,-16.387040237273744,3956.1803676673435,-0.004142136787088887,0.9966950624594835
diag_1839,-15.753049589390937,3956.180555007627,-0.003981883377251615,0.9968229251260052
diag_184,-15.716097610258833,3956.1803701130134,-0.003972543246254943,0.9968303774133821
diag_1840,-16.030903506035596,1001.1857178966646,-0.016011917888435354,0.9872248838142458
diag_1842,-14.724657136267652,3956.180535293939,-0.003721937612529512,0.997030330299076
diag_1843,-16.28447097733846,1117.4779897406574,-0.014572520556863706,0.9883732223443826
diag_1844,-2.635773441256823,1.3468520061708253,-1.9569881688415585,0.05034885936902838
diag_1845,-15.88685569701253,1215.2320130273727,-0.013073104992877343,0.9895694684721403
diag_1846,-16.498747541756273,1794.2738967413404,-0.009195222408195524,0.9926633773953245
diag_1847,-1.0458997660713967,1.205315904352606,-0.8677391232410276,0.3855371630513986
diag_1848,-16.776361534737656,2786.3357024324678,-0.006020940520588353,0.9951960135425936
diag_1850,-1.6336695225733802,0.9174446698577027,-1.7806736212514758,0.07496578491373654
diag_1851,-0.9541234510457595,0.8207648892752863,-1.162480831615769,0.2450402064180645
diag_1852,-0.42083337101740204,0.606716009235984,-0.6936249655705354,0.4879174330017829
diag_1853,-0.09498973211339672,0.7962551353951235,-0.11929559746733717,0.9050411713053877
diag_1854,0.6861943914481178,1.5686434797393467,0.43744445459470443,0.6617890505800589
diag_1860,-0.3748040829536363,0.7557960425017947,-0.4959063846285572,0.6199604613698073
diag_1861,-1.3251206366470698,1.2275291647414996,-1.0795023651646773,0.2803638400024771
diag_1862,-15.352417071048485,2486.0432623373417,-0.006175442440456312,0.9950727411383837
diag_1863,-15.070422189852154,2010.4098777305226,-0.007496193864141076,0.9940189586664344
diag_1864,-14.910571219220522,1207.6067625157837,-0.012347207453656204,0.990148604117683
diag_1865,-15.091673033084627,1272.8085586112468,-0.011856985821615667,0.9905397157430454
diag_1866,-16.29507987753876,1581.3795729157919,-0.010304344482895677,0.9917784681212057
diag_1867,-16.37942395659722,1018.2561441380471,-0.016085760003405024,0.987165973917847
diag_1868,-15.980197138435155,2081.7670969070746,-0.007676265592907714,0.9938752863487023
diag_1870,-15.176425151992362,3956.180486981817,-0.003836130632040629,0.9969392181024995
diag_1871,-16.09695603158907,2750.8426698403455,-0.00585164546416001,0.9953310890741536
diag_1873,-15.92157323375676,920.5067768613226,-0.017296530165747382,0.9862000537169396
diag_1875,-1.1680324871230807,4130.394241975888,-2.8278958828015417e-4,0.9997743665565628
diag_1878,-15.168427522826518,2488.808516507646,-0.006094654298319104,0.9951371995365931
diag_1879,-16.148501701472423,2787.9912718629907,-0.005792163650025229,0.9953785478909882
diag_188,-1.3329252741276032,1.2657830762942588,-1.0530440002641777,0.29232082651028896
diag_1880,-1.0189220827761727,3087.7545508848552,-3.2998804340979147e-4,0.9997367076396922
diag_1881,-15.678075998932757,1630.0185247723145,-0.009618342221676722,0.9923257915676986
diag_1882,-0.09861005330427312,1.2055389103624439,-0.08179748696342462,0.93480775449184
diag_1883,-16.088741594970227,1509.9449476104742,-0.01065518423067746,0.9914985538758477
diag_1885,13.389577616733716,4555.997020101015,0.002938890775753151,0.9976551077996443
diag_1886,-14.19576548104687,1624.0577997446233,-0.008740923804115284,0.9930258406583085
diag_1890,-16.598798954769276,1962.6156188930497,-0.008457488463345306,0.9932519809786581
diag_1891,-16.400642057360056,1210.7736733785703,-0.013545588591792992,0.9891925144948885
diag_1892,-16.474938818854266,1155.1789988686169,-0.014261806036112008,0.9886211108985841
diag_1893,-31.85055235076704,1977.5852603729459,-0.016105779603535503,0.9871500026569914
diag_1895,-16.675629091399337,3956.1803655893623,-0.004215083123217292,0.9966368602122629
diag_1897,-16.05313573789565,2785.4548994486663,-0.005763200740056175,0.995401656563982
diag_19,-1.835281758126137,0.9072345854672825,-2.0229406897895674,0.043079262767709105
diag_1903,13.906068607818366,4827.753795456444,0.0028804427891301787,0.997701742348366
diag_1904,17.540305949863885,6155.9676127339535,0.002849317451505237,0.9977265766727911
diag_1906,19.027738614781878,3956.180364954267,0.004809623641868976,0.9961624903480716
diag_1911,-17.369425824044434,6155.967613416772,-0.0028215590001136816,0.9977487246235558
diag_1913,-16.429433919113514,2747.315635220819,-0.005980177053006499,0.9952285374984741
diag_1914,-16.808730957638637,2758.3028116246633,-0.0060938671732485225,0.9951378275598718
diag_1915,-16.611910420448186,3956.1803938891535,-0.004198976984494309,0.9966497109379604
diag_1916,-16.00509465838833,1888.391909860898,-0.008475515370941877,0.9932375981029113
diag_1917,-15.52314732237781,2138.8070019455085,-0.007257853236995014,0.9942091217981417
diag_1919,-16.6451859933812,3956.180365444496,-0.004207388050041807,0.9966429999379012
diag_1920,-1.10097652396766,0.9293604162247974,-1.1846604446959268,0.236151727845021
diag_1921,-14.06400258832589,1980.6544474730442,-0.007100684627886003,0.9943345209729659
diag_1922,-0.10791520443754545,0.6836768030851327,-0.15784535024527904,0.8745786622408228
diag_1923,-16.377608654219326,1808.6654065952125,-0.00905507928359726,0.9927751907752963
diag_1924,-1.0131847371400917,0.7324459775996347,-1.3832893730408509,0.16657615517658084
diag_1928,-14.346437523362283,2479.2612956274497,-0.005786577457028989,0.9953830049534398
diag_1933,-16.12951521664824,1177.4423551297316,-0.013698772722398861,0.9890703025818175
diag_1934,-0.8708947377519348,1.2398340772030805,-0.702428456972703,0.48241200376247134
diag_1935,0.3193589733935594,0.8823784048981927,0.36192972495786147,0.7174045463465024
diag_1936,-16.688082273250103,2168.6457994876146,-0.007695162703468216,0.9938602090812577
diag_1939,-15.786705213056957,3956.1803670453837,-0.003990390666856029,0.9968161373449023
diag_194,0.5020795199960988,1.0424553159177028,0.48163169426029934,0.6300676070141329
diag_1941,-16.54598750323299,3956.18041914104,-0.004182313683971327,0.9966630062114364
diag_1942,-15.47067072878479,978.9869448293523,-0.015802734459836428,0.9873917669263569
diag_1944,-16.821251057736596,2796.779866195972,-0.0060145066335220545,0.9952011469488008
diag_1945,-46.41247219090056,1799.8999551252243,-0.025786139978914276,0.9794279168688309
diag_1952,0.11573822891874155,1.223509723552554,0.09459526695275192,0.924636309403107
diag_1955,-15.094968839500755,3956.180367309319,-0.0038155411123904745,0.996955646042114
diag_1957,-15.874232274626838,3956.180365892091,-0.00401251480126774,0.9967984849809565
diag_1958,-1.4527125332351656,1.179722583828712,-1.2314018169597827,0.2181726177533181
diag_1959,-0.6234850460164617,0.7352556115520861,-0.8479840700573743,0.3964468424098153
diag_1962,-0.2635105408431553,0.6552259436936873,-0.40216744068111,0.6875608024847172
diag_1963,-16.454330401517403,2270.934052254438,-0.007245622295893003,0.9942188804206159
diag_1964,0.03820695849323089,0.9972581784446453,0.038312003169349435,0.9694389206681099
diag_1965,-0.29089964329014933,0.6733984842100109,-0.4319873746544212,0.6657505892983961
diag_1966,0.42167654411646016,0.8597825144817913,0.4904455917792342,0.6238186214979194
diag_1967,0.5127537739016088,0.8310221579634882,0.6170157666531645,0.5372243262351388
diag_1968,-0.9694041761715773,1.232580764989777,-0.7864832907558941,0.43158440442331814
diag_1969,-0.8004293835296958,0.6962332770067446,-1.1496568893847081,0.2502852169953364
diag_197,-18.804290665955843,3956.1804243483234,-0.004753142842076864,0.996207554991073
diag_1970,-15.775730878213862,1379.82537669004,-0.011433135775526236,0.990877876219069
diag_1971,17.39745931089271,2152.7011698546676,0.008081688045938694,0.9935518160754355
diag_1972,0.15777347549398923,0.8660379700154144,0.18217847364265224,0.8554426658408734
diag_1973,1.193385159415829,1.6885453836089517,0.7067533813424607,0.4797197498547659
diag_1974,17.838785491098267,3956.1803648793475,0.004509093076104557,0.9964022764427953
diag_1975,-16.430046711320156,2776.80494433916,-0.005916889029175318,0.995279033142161
diag_1976,-16.505003354354447,3956.1804374716016,-0.0041719541399134995,0.9966712718595855
diag_1977,-16.826408459993367,960.6901972088177,-0.017514916368336735,0.9860258331308113
diag_198,-16.070301358964095,3956.180374011314,-0.004062074991456933,0.9967589419926499
diag_1980,-17.15327640684963,2773.8808166201106,-0.006183854873674918,0.9950660291159606
diag_1982,-18.5687399420338,3956.180445766391,-0.004693602882018357,0.996255060476015
diag_1983,-15.629450193661945,1941.7518423649412,-0.00804914915112231,0.9935777775128118
diag_1986,-16.34664235563555,2771.2377384234014,-0.005898679181864562,0.9952935622446357
diag_1987,-16.174046243718525,2797.382504787054,-0.005781850074503754,0.9953867767958716
diag_1988,-16.530229447035275,3956.180367455469,-0.004178330589529508,0.9966661842332276
diag_1989,-0.5351043705130455,1.1972438480302452,-0.446946853302626,0.6549134335810601
diag_1990,-16.86296408235527,2776.0677096983854,-0.006074406623240252,0.9951533545448862
diag_1991,-16.381620350533463,1487.4377864599696,-0.011013314640554434,0.9912128239227
diag_1992,-15.964938304238032,1592.5359466685477,-0.01002485271220116,0.9920014587692985
diag_1994,-15.434311301218704,3956.1803738444632,-0.003901316381644206,0.9968872077885369
diag_1995,-0.9357113000432613,0.6725309298573381,-1.3913282772611675,0.16412590279589506
diag_1996,-0.8304336578368638,0.536942749232185,-1.5465962786989185,0.12196062763013071
diag_1997,-1.305579421907502,0.559824039749281,-2.332124612748338,0.019694136590923058
diag_1998,-0.9675037828575133,0.5453984273969301,-1.773939443637932,0.07607316746348476
diag_1999,-1.7075734127716125,0.9259154713575133,-1.8442001085348387,0.06515398256663005
diag_1E909,-15.628701001447011,3956.1803717885527,-0.003950452085778237,0.9968480034709488
diag_1V07,-17.888168632186353,3956.1803858103112,-0.004521575582434538,0.9963923169452434
diag_1V25,-15.629855419611962,3956.1803654663263,-0.003950743893287996,0.9968477706440589
diag_1V26,-14.510542085016606,2528.4026034894036,-0.005739015639752492,0.9954209531629928
diag_1V43,-16.59003156406544,3956.1803718473316,-0.004193446709892743,0.9966541234198338
diag_1V45,-16.008021389304748,1750.2636924744425,-0.009146062652235757,0.9927025995562737
diag_1V51,-15.979323972052326,3956.1803696247293,-0.004039078727234085,0.9967772902063072
diag_1V53,-2.2774076321372303,1.1452603103058305,-1.988550211374278,0.04675087157999224
diag_1V54,-1.617641489942994,0.9043133024009281,-1.7888064740927712,0.07364598794124269
diag_1V55,-2.475839959119485,0.9038457289490498,-2.7392284765214057,0.006158355992696614
diag_1V56,-1.6777974411413672,1.1668582828103575,-1.437875932200114,0.1504692597042423
diag_1V57,-0.9075026421201429,0.5452055111721799,-1.6645147995093303,0.09600959602886767
diag_1V58,0.5586552521221687,0.5582189947457076,1.0007815165384328,0.31693244740484205
diag_1V60,18.726817072041356,3956.180397873761,0.004733559946383141,0.9962231797054285
diag_1V63,-0.6337636668575488,1.2069755459813365,-0.5250840988184766,0.599524729544362
diag_1V66,-17.026480602921826,2751.651583958584,-0.006187731289158045,0.9950629362430689
diag_1V67,-15.010582546958716,3956.1804175889074,-0.0037942108201695487,0.996972665029761
diag_1V70,-15.899191205062817,3956.1803754571124,-0.004018823636984894,0.9967934512989269
diag_1V71,-16.177819023731203,1287.6735890388888,-0.012563602423348778,0.989975959304995
diag_211,0.6420101621049865,1.3266072647402387,0.4839489268368342,0.6284221159605115
diag_2110,1.3558774406264933,0.9020032794223548,1.5031846020502282,0.13279144708313184
diag_2111,-15.299461960248426,3956.180336867239,-0.0038672306764366395,0.9969144040413012
diag_2112,-0.13360235889079822,0.30820536824721545,-0.4334848534618452,0.6646625674840879
diag_2114,19.74035997464861,3956.180357029582,0.004989752284567293,0.9960187702104494
diag_2115,-15.457683594613979,3956.180335940903,-0.003907224211744043,0.996882494058039
diag_2117,-0.2239026116689898,1.0917402816016073,-0.20508779921587184,0.8375035286483441
diag_2123,-15.60609575221256,3956.180344531203,-0.003944738205321083,0.9968525624524253
diag_2130,-15.347912137260238,3956.180372665251,-0.0038794773472172243,0.9969046326850636
diag_2131,-15.68118166801698,2267.437138205672,-0.006915817600317787,0.9944820198975618
diag_2135,0.046017339777318936,0.3883666413487833,0.11848942436843284,0.9056798741973459
diag_2136,2.0480844091007464,0.9091091197026416,2.252847721702153,0.024268752062550154
diag_2137,-15.89220040631825,3956.1803538661234,-0.004017056601271429,0.9967948611780606
diag_2138,-0.4806941022400134,0.7954439714418741,-0.6043091902106891,0.5456380973924291
diag_2140,-15.763122733186604,3956.180376223343,-0.003984429736298937,0.996820893441552
diag_2141,-17.449049193238974,2744.45805600131,-0.006357921614099044,0.9949271466821382
diag_2145,-16.40479274585962,3956.1803375912787,-0.004146624103553298,0.9966914821297049
diag_2150,0.62018258906191,0.4700177201606785,1.3194876755920963,0.18700612767309455
diag_2151,-1.224027308779244,0.8015892690620088,-1.5270006174253767,0.12676085784052807
diag_2152,-0.15485887118423758,0.7736079748715624,-0.20017744932108267,0.8413418030640235
diag_2153,-0.2806017188911008,0.35547890724864095,-0.7893624999101084,0.42990016694021804
diag_2154,-0.767746432403657,0.5194050446327722,-1.4781266380392326,0.13937388532791203
diag_2155,-1.436609213652689,0.7940938536642522,-1.8091176591074538,0.0704327261751918
diag_2156,0.4722144758471939,0.6157658470861306,0.7668734439913532,0.4431567641526048
diag_2157,-0.25091722229395597,0.3858236170175821,-0.6503417914993047,0.5154714677246817
diag_2162,-0.27405596202710036,0.27029790150793503,-1.0139034024985023,0.3106288476628711
diag_2163,-15.797246625001993,3956.18034276686,-0.003993055234169069,0.9968140113447198
diag_2164,-15.781471371143395,3956.180334885359,-0.003989067745972886,0.9968171928746492
diag_2171,-17.708732753930473,2786.973521913858,-0.006354108718539102,0.9949301888711862
diag_2172,-0.5817357120907443,1.1293734892224898,-0.5150959515538448,0.6064859715970122
diag_2173,-0.020465871464180496,4329.99416314412,-4.726535577895491e-6,0.9999962287702363
diag_2174,-1.2586630778075258,0.8672062260748313,-1.4513999553537749,0.14666852217909399
diag_2179,0.7013545279753752,1.6003810028259038,0.43824222278129077,0.6612107040086164
diag_2180,-15.646173234870345,3956.180337903445,-0.003954868559698152,0.9968444796621222
diag_2182,-15.585754432891775,3956.180380715558,-0.003939596513057063,0.9968566648974216
diag_2183,0.20030559509463958,0.7145865411587182,0.2803097785326876,0.7792398492106174
diag_2185,-1.3961660045358848,1.0545548950564496,-1.3239386693673723,0.1855234142542156
diag_2186,18.192115388197045,3956.1803388160793,0.004598403973070952,0.996331017395858
diag_2188,-15.886234596037545,1229.5335304154687,-0.012920537913813108,0.9896911891080956
diag_2189,-1.0875074012061468,0.591248274915344,-1.8393413517559234,0.0658649944665236
diag_2191,-0.08366241530908013,0.8280946501938043,-0.10103001545717034,0.9195266331837092
diag_2192,-15.520747754607434,3956.180337142986,-0.00392316487923702,0.9968697753430389
diag_2193,1.2767416178571034,1.259671602176356,1.013551163375641,0.31079697092553127
diag_2195,-15.028641472755703,3956.180345473491,-0.0037987756270896236,0.9969690228670445
diag_2196,-0.23672473666242946,0.3280166483669601,-0.7216851273890215,0.4704880880307288
diag_2197,-0.31778596016560134,0.27641888880005755,-1.1496535621900494,0.2502865879188118
diag_2198,-0.0898247052867446,0.2798914612793243,-0.32092692244406096,0.7482657710506803
diag_2199,-0.6168984498533404,1.0783664146010425,-0.5720675658111728,0.5672762014229232
diag_2200,-0.9628345151951564,0.6872987520743111,-1.4008966439838002,0.16124498249748498
diag_2201,-0.3475776228284231,0.6948256445875901,-0.5002371825736597,0.6169080798353699
diag_2202,-0.037273872748442856,0.2998277411945412,-0.12431762518017957,0.9010637926786212
diag_2203,0.11540652073553805,0.3615369067266475,0.31921089821901677,0.7495665933490033
diag_2204,-0.5499930419745098,0.37843425304616196,-1.4533384268136555,0.14612981307930964
diag_2205,0.02323973429711948,0.4160109399777507,0.0558632768127742,0.9554507259816021
diag_2208,-0.30931095852393514,1.121427430666587,-0.2758189697037086,0.7826871129576565
diag_2211,-0.034345022078562305,0.4978083273353583,-0.06899246194293795,0.9449956197013166
diag_2212,-16.006424671761174,3956.1803371338497,-0.0040459289788992315,0.9967718245409257
diag_2214,-0.20003750275694257,1.209517587346136,-0.16538618772452499,0.8686400245690815
diag_2215,-14.307526671771603,2559.59731588993,-0.005589756866422213,0.9955400425231644
diag_2217,-13.640834372319512,1953.5548015324002,-0.006982570625415483,0.9944287599754702
diag_2218,-14.699545893746683,549.1550513672912,-0.026767569299686163,0.9786451198944516
diag_2220,0.26700224372946646,1.241075126406949,0.2151378575304041,0.8296598388493426
diag_2223,-15.63030759211891,3956.1803516108735,-0.003950858202345244,0.9968476794393388
diag_2225,-15.893843346302036,1682.373099131825,-0.009447276204371031,0.99246227629999
diag_2226,-11.980072712323805,2539.3468679630773,-0.004717777182576696,0.996235772388386
diag_2227,-15.426862812888377,1599.4485159526484,-0.009645113712022155,0.9923044319996714
diag_2228,-14.393800176220108,2542.3926866500474,-0.00566151729896058,0.9954827868879922
diag_2232,1.3112319063892244,4838.171296847231,2.7101808223360793e-4,0.9997837588591346
diag_2233,-0.19114352834677206,1.1033124603369706,-0.17324514606532546,0.8624587386881087
diag_2235,-15.511555005478737,3956.180346525585,-0.0039208412273473246,0.9968716293347472
diag_2238,0.1440267535739248,0.7209591391041755,0.19977103522522038,0.8416596552250748
diag_2239,-14.375955106975876,2651.9178607037356,-0.005420965452965029,0.9956747165448651
diag_2240,-15.364168951742561,2742.4128789215156,-0.005602427362354239,0.9955299330883786
diag_2241,-14.997840842506607,1148.2268083410052,-0.013061740706242496,0.9895785350868613
diag_2242,-0.13326462896579677,0.3877519319589318,-0.34368527396508575,0.7310829869859196
diag_2244,-0.13804771015554831,0.34552038509652183,-0.39953564568117855,0.6894985641926009
diag_2245,0.8207028470947493,1.2300718292707897,0.6671991241204814,0.504644950537482
diag_2246,-14.747154349218437,1827.285359233526,-0.008070526190503866,0.9935607216571255
diag_2250,-0.4447888244682706,0.22425650942979464,-1.9833931492076284,0.04732353176825985
diag_2250.01,-0.054568977029530834,0.23389610965260257,-0.23330433802674255,0.8155250902886163
diag_2250.02,-0.2949051855556244,0.23230186058121047,-1.2694912766423083,0.20426589985882282
diag_2250.03,0.1510752078535008,0.2937580406551743,0.5142845027034998,0.6070530950250701
diag_2250.1,1.3095561036538732,0.5750418276402542,2.277323214952514,0.022766931627602547
diag_2250.11,-0.7104281941194229,0.466148183466051,-1.5240393920169861,0.12749887121043676
diag_2250.12,0.027111953787290335,0.3773145732376244,0.07185504009201316,0.9427172703210546
diag_2250.13,0.13086729950550732,0.34671300752743606,0.37745136947350194,0.7058381977297095
diag_2250.2,-0.37115974572529226,1.0938690117572338,-0.33930913275351565,0.7343768633806136
diag_2250.21,0.6805308871829036,1.2195306495610085,0.558026883070034,0.5768260270803425
diag_2250.22,-0.8221489412992654,0.6542442802585524,-1.2566390965991454,0.20888435083313392
diag_2250.23,-15.872113383650968,2263.2570868677662,-0.007012952030834982,0.9944045197146654
diag_2250.3,-15.380331964610031,2751.3505580164688,-0.005590102620619226,0.9955397666555389
diag_2250.31,18.152125539858883,3956.180337777779,0.0045882957777539255,0.9963390824837565
diag_2250.32,-15.776011568318618,1970.8917905394344,-0.008004504176254503,0.993613397901445
diag_2250.33,-15.582534507205443,1731.4025560722123,-0.008999948886846586,0.9928191766753148
diag_2250.4,-0.3921583620564724,0.33479308223431803,-1.1713454753584336,0.24145993923607204
diag_2250.41,0.17876183962617,0.27843625196174926,0.6420207080316818,0.5208597375381431
diag_2250.42,-0.347085238002078,0.3709987405282513,-0.9355429010564194,0.3495085849405978
diag_2250.43,0.32708624503399136,0.4477572689664673,0.7304990174452913,0.46508521334697855
diag_2250.5,0.014494179575645777,0.4853718848056202,0.029862008965456144,0.9761771047809429
diag_2250.51,-0.21381181219185538,0.43466841349190816,-0.49189636411396553,0.6227926087461504
diag_2250.52,0.4028859372227574,0.40459500973159157,0.9957758438247472,0.3193590697139871
diag_2250.53,0.40443874328663415,0.5614442809664101,0.7203541954162871,0.47130694435731535
diag_2250.6,-0.024328220370596898,0.24863813189385217,-0.09784589429341042,0.9220546638247031
diag_2250.7,0.34356045453456036,0.31550752806262283,1.0889136517413605,0.2761919654785822
diag_2250.8,-0.41684722422869813,0.32477043812242706,-1.2835134461085445,0.19931225185668236
diag_2250.81,-0.05053177577461146,0.3609601585910397,-0.1399926683649951,0.8886657831415037
diag_2250.82,-0.25967233539612133,0.3202332612939303,-0.810884960378234,0.4174317378844778
diag_2250.83,-0.5089625250285038,0.5442207545269728,-0.9352133684627393,0.3496783503920329
diag_2250.9,-14.55550197639688,1358.058584055049,-0.010717874874687195,0.9914485368349962
diag_2250.91,-14.28296633247123,1230.4264431444165,-0.01160814318649589,0.9907382497742852
diag_2250.92,-0.36110960416019094,0.3245437367424324,-1.1126685351712033,0.2658508138689577
diag_2250.93,0.13047513204431946,0.6849825185777061,0.19047950641899197,0.8489334007043673
diag_2251,-15.846116309348524,1203.218515932209,-0.013169774317403637,0.9894923441502447
diag_2252,-0.8798765307197264,1.1045741699033091,-0.7965753271206296,0.42569771146358143
diag_2253,-1.100169662692698,0.7648920116729399,-1.438333314903437,0.15033950358688603
diag_2255,-0.002304655798359036,0.4012394734223853,-0.0057438411497787055,0.9954171030265034
diag_2256,-15.215651046057785,3956.1803420650367,-0.003846045865066798,0.9969313069495118
diag_2258,1.0171170200251205,1.2977006563878488,0.7837840067494971,0.4331668597779804
diag_2259,-14.937296904613651,2094.525578925458,-0.0071315896329501235,0.994309862970916
diag_2260,0.30360780612402194,0.8775775232561706,0.34596123770070264,0.7293718458120804
diag_2261,-0.5737535101058464,0.8619865757607258,-0.6656176862145374,0.5056554987905737
diag_2262,-1.5620516383623444,1.113229707370732,-1.4031709969828752,0.16056585401447807
diag_2263,-0.4860588536723398,0.33745113616090516,-1.4403829224050226,0.14975909255440237
diag_2266,-15.541796548936292,1383.5740598723485,-0.011233078878603876,0.9910374882775779
diag_2268,-15.232938357747416,3956.1803356720484,-0.0038504155688746555,0.9969278204561238
diag_2269,-15.563274107649228,2537.3682981586057,-0.006133628341988688,0.9951061033301148
diag_227,-15.321052686999145,2102.2112085177823,-0.007288065359427726,0.9941850166496451
diag_2270,-15.747182509568763,3956.1803366505333,-0.003980400580753349,0.9968241082170622
diag_2271,-15.74498270940519,3956.180347853029,-0.003979844528055907,0.9968245518794104
diag_2272,-0.9281264166214176,0.31888264658536286,-2.910557932706332,0.0036078407526729927
diag_2273,-15.541806075866479,1385.0724640482274,-0.011220933546279295,0.9910471782400173
diag_2274,-1.4078721356011519,1.056088505034497,-1.3331005203537973,0.18249881865346398
diag_2275,-16.151467975382406,611.1348343305177,-0.026428648913583725,0.978915443598133
diag_2276,-0.29478828580705674,0.2230039489624363,-1.3218971555374208,0.18620239974662484
diag_2277,-0.35583588689148454,0.5884395567576769,-0.6047110239361764,0.5453710220518171
diag_2278,-0.7372525212861895,0.3539626302500733,-2.0828541158859717,0.0372645230889054
diag_2279,-0.28876515073866,1.1147140140272234,-0.25904864127025123,0.7955977107333058
diag_2280,-0.2642620754279583,0.2622807671930529,-1.0075541499138863,0.3136685495793801
diag_2281,-0.36229652497488807,0.8205573720436378,-0.4415249162560944,0.6588330274508529
diag_2282,-0.7487053703685207,0.5907303445008458,-1.2674232453746055,0.20500399239142128
diag_2283,-0.27728685996923824,0.7326333899721018,-0.37847969225071376,0.7050742770047231
diag_2284,-0.7665657208928498,0.35563189680101104,-2.155503282434115,0.03112247204169077
diag_2285,-0.5148643040446061,0.23965483128319112,-2.1483577079913334,0.031685349771646616
diag_2286,-0.5055005421126287,0.3915873780151435,-1.2909010108417744,0.1967380048626271
diag_2287,-0.525699298800775,0.2965231196075605,-1.7728779445478733,0.0762489340626519
diag_2288,-0.5694971246267871,0.4614051552166312,-1.234266930458127,0.21710345433189399
diag_2289,-15.654275261370607,596.6748204804495,-0.02623585699286858,0.9790692159737134
diag_2290,-0.14906152533844055,0.5049301750317298,-0.29521215548085145,0.7678318168521693
diag_2291,-0.803388847157873,0.5311288420316873,-1.5126063274679828,0.1303796859786008
diag_2292,0.022710104496331537,0.36029211992897764,0.06303247626067496,0.9497406434141116
diag_2293,-0.13405369859095254,0.40144656043656873,-0.3339266338343281,0.7384349213510835
diag_2294,-0.46766136539362957,0.35955965878236656,-1.3006502647636968,0.1933781934472466
diag_2295,-0.4316629517291578,0.2825203863983205,-1.52790018884005,0.12653732132765422
diag_2296,0.09695165082788801,0.31926553581443146,0.30367089445019135,0.761378634323048
diag_2297,-0.08300058953307506,1.1461357419562497,-0.07241776562295128,0.9422694469912453
diag_2298,0.19468044116452615,0.6817588113710101,0.28555617898509555,0.7752180704987693
diag_2299,-15.40388988305726,1363.02188686374,-0.011301278454523578,0.9909830763427974
diag_2300,-0.7581435760243688,0.3939953920957183,-1.9242447785789922,0.05432390873731954
diag_2301,-1.2982336451521461,0.6427446810653712,-2.019827908961113,0.043401241151781046
diag_2302,-15.474651645356525,3956.1803385534163,-0.003911513207462847,0.9968790719607239
diag_2303,-0.29680238189206504,0.29232517430696575,-1.015315846798736,0.30995529287982554
diag_2304,-0.43667131193687414,0.3258192624209642,-1.340225586087931,0.18017201569529864
diag_2305,-0.5764095449774738,0.260728431203745,-2.210765977136729,0.027052047016018477
diag_2306,-16.153336394501718,1945.4734361135959,-0.00830303621455283,0.9933752117159792
diag_2307,1.0260802287917337,0.6934379313568919,1.4797001755931356,0.1389532787425966
diag_2308,-15.514160536198972,2283.851246621168,-0.006792982055705825,0.9945800261797322
diag_2309,-0.6359110926712623,0.5783921182184113,-1.099446331720466,0.2715734310359501
diag_231,-15.76222194147415,1967.9535008331006,-0.008009448360848706,0.9936094531393461
diag_2310,-15.877258579542977,1744.6621149564253,-0.009100477647466729,0.9927389696141347
diag_2311,-0.10983906004804302,0.41684135891354956,-0.26350326736849305,0.7921627055190192
diag_2312,-1.2315658397077174,0.8231630719316639,-1.496138349376729,0.134617606167452
diag_2314,-15.425247277744557,1120.8399294392145,-0.013762221413241595,0.9890196826228275
diag_2316,-14.146581621765469,3956.1805248149913,-0.0035758180227195334,0.9971469160875802
diag_2317,-15.875466942071919,1234.2284751727839,-0.012862664621191355,0.9897373614778243
diag_2318,-15.427368953938688,2797.038205925144,-0.00551560894708478,0.995599203091171
diag_2319,0.22543436454230603,0.7069666434835528,0.31887553199325824,0.7498208991547614
diag_2320,1.4128345334437735,1.2164952603734132,1.1613974829709508,0.24548029211868527
diag_2322,-15.152434652620434,1541.6240608627434,-0.009828877893966338,0.9921578163466888
diag_2323,-15.759042569871253,1739.7001851305602,-0.00905848186059058,0.9927724760229878
diag_2324,-15.80571362865779,1284.2153026960973,-0.01230768204947806,0.9901801384312732
diag_2325,-16.138658082457404,3956.1803389244183,-0.004079353492476302,0.9967451558576764
diag_2327,-15.561018891792475,644.9303976926984,-0.024128214373928633,0.9807503380543747
diag_2331,-0.5615173464015311,0.4165416750084265,-1.3480460181809462,0.17764358208746783
diag_2332,0.4736630482429507,0.43319641382729707,1.093414056820393,0.27421204448816994
diag_2333,-15.904979726751982,932.6621010069498,-0.01705331406688462,0.9863940834673234
diag_2335,0.24439470887301235,0.8404083097151217,0.29080472675937286,0.7712006700774874
diag_2336,0.5490530562681899,1.2132593886086864,0.45254383475063836,0.6508772499725524
diag_2337,0.150324869028895,0.4341980780338144,0.3462126541637709,0.7291829054657172
diag_2338,0.02939105538632736,0.8184193716299114,0.035911974233691496,0.9713525479693652
diag_234,-14.946445979842556,1200.2317470361331,-0.012452966701432028,0.9900642269340183
diag_2340,-0.22085768393905553,0.37004306723863695,-0.5968431879758112,0.5506120805680501
diag_2341,1.2242402483582329,1.4561221089611431,0.840753835701084,0.40048585400710446
diag_2342,0.3455197640969358,0.2820169110894813,1.2251739186920803,0.2205096990588366
diag_2343,0.511836677887814,1.175200491422414,0.43553136815685645,0.6631767753493574
diag_2344,-0.9149432562435921,0.5484382443556124,-1.668270339751023,0.09526207306926883
diag_2345,-0.1625475518696151,0.490865399869772,-0.33114485541808286,0.7405350713938166
diag_2346,-1.7551196625917893,1.1254250628367093,-1.559517128726361,0.11887403370121895
diag_2347,-15.27589452001053,3956.180408734249,-0.003861273486488434,0.9969191571556987
diag_2348,-0.15199445259739286,0.3384277836186022,-0.4491193098043214,0.6533455914661765
diag_2349,-0.3630640618752139,0.557504319262289,-0.6512309399784276,0.5148974206404959
diag_235,-15.182747630467126,3956.1803382186026,-0.0038377289032541038,0.9969379428759613
diag_2350,-15.406429795723405,3956.18033942295,-0.0038942688335513523,0.9968928308756363
diag_2351,-14.21476254711402,1978.4619246530533,-0.007184754161800079,0.9942674449009219
diag_2352,-14.948221534754678,2524.312899603359,-0.005921699143201886,0.9952751952936795
diag_2353,-15.74830584303504,3956.180345581257,-0.003980684515715939,0.9968238816715341
diag_2354,-0.013319972388306522,1.099987815364849,-0.012109199940445242,0.9903384924399481
diag_2355,-15.245419294675932,1862.883615092625,-0.008183774429685941,0.9934703656196755
diag_2356,-15.55868214154066,1084.1179116203775,-0.014351466731405502,0.9885495793350317
diag_2357,-0.5934954908975477,0.4445067232682505,-1.3351777595934935,0.18181817413698034
diag_2358,-0.07605731359874215,0.5963082026525315,-0.12754698536833764,0.8985074878730523
diag_2359,-15.516736205260498,1032.50320273165,-0.01502826932082005,0.988009627270402
diag_2360,-15.411367952727227,2272.7149002343403,-0.006781038814476095,0.9945895552880406
diag_2362,-1.0556782338013613,1.0561575720003593,-0.9995461489727426,0.3175301950280033
diag_2364,34.04909050136568,4054.196536076066,0.008398480487658047,0.993299060859323
diag_2365,-15.599307479784095,1389.465655245796,-0.011226839195981842,0.991042466510089
diag_2366,-15.792217042734505,2782.40905171042,-0.00567573521694325,0.99547144281301
diag_2368,-0.2160854881514061,0.7181687614002022,-0.3008839979757789,0.763502952999217
diag_2369,-15.595161452902571,1606.6008226435927,-0.009706929831668704,0.9922551121810524
diag_2372,-14.896698485262503,1712.0371267478827,-0.008701153878338886,0.9930575712613852
diag_2373,-15.720147516267508,2247.9556450865875,-0.00699308616281083,0.9944203699953768
diag_2374,-0.06252380120526947,4101.941544416392,-1.524248956945219e-5,0.9999878382529048
diag_2376,-15.93351760690179,2779.1891925948607,-0.00573315326979415,0.995425630580522
diag_2377,1.1387500705827478,1.263800423376636,0.9010521357005268,0.3675606002297166
diag_2378,-15.502946395409195,1032.6823138963032,-0.015012309387692218,0.9880223600182432
diag_2379,-15.452074347454952,2252.019967836754,-0.006861428658777795,0.9945254149646615
diag_238,-0.37495543854850927,0.2720329039644218,-1.3783459025881233,0.1680965172329079
diag_2380,-15.575668290225043,1331.3050379861315,-0.011699548823000321,0.9906653235804721
diag_2381,-13.501728225325275,2563.1918085609395,-0.005267545011742836,0.9957971265980146
diag_2382,-1.0185451475705587,1.142814800159514,-0.8912600251837746,0.3727896889004454
diag_2383,-15.907032874776746,2038.4549797353563,-0.00780347519710339,0.993773790809718
diag_2386,-15.592756729750008,821.6799593911011,-0.01897667887787465,0.9848597096194328
diag_2388,-0.8263303817866798,4599.644756267535,-1.7965091340167336e-4,0.9998566593106337
diag_2389,-15.218208551428498,1609.215752373962,-0.00945691000661543,0.9924545899812808
diag_2394,-0.013305388309893645,0.6750664494428102,-0.019709746086293747,0.9842749160382752
diag_2395,-15.494966036791402,2274.17270372726,-0.006813451771448974,0.9945636940875366
diag_2396,-0.3733122261721584,0.3432128535981992,-1.08769885002383,0.27672807558256196
diag_2397,-0.6363901935201294,0.49403525039074225,-1.288147339722815,0.19769467898188584
diag_2398,-0.5986860388612989,0.5893640711133168,-1.0158169936120687,0.30971654211817856
diag_240,-16.235733796120723,1111.2245426248728,-0.014610668837253699,0.9883427876606075
diag_2401,-0.5473947942933532,0.23003745557385805,-2.379589849521707,0.01733191713644034
diag_2402,-0.21598717820086255,0.28401253748298455,-0.7604846606949616,0.44696493481919697
diag_2403,-0.2794671935712571,0.22871204794926747,-1.2219172364424284,0.22173892657831876
diag_2404,-0.3027780117502591,0.31104371708084366,-0.9734259048594246,0.33034166925416353
diag_2405,1.6021749858729644,1.444699619961033,1.1090021508527697,0.2674292541188701
diag_241,-0.3716998669374091,0.2989507006548908,-1.2433483718992853,0.21373948637993292
diag_2410,-0.3374872142578209,0.25965672375456067,-1.2997437901004603,0.19368879645539638
diag_2411,-0.40335051291193713,0.23580893719344523,-1.7104971410860887,0.08717398164834933
diag_2412,-0.7708379556254124,0.48238725075015126,-1.5979650258722569,0.11005076088099433
diag_2413,-0.5701530730571096,0.2505987263316177,-2.2751634910650944,0.02289612408644328
diag_2414,-0.4668738033328672,0.23285633213955972,-2.004986504094945,0.04496448985120509
diag_2415,-0.6848877267064379,0.40603985093620254,-1.6867500200467966,0.09165142952684924
diag_2416,-0.4778692302351247,0.419886985157831,-1.1380901221682276,0.25508285233756606
diag_242,-0.4075204427215546,0.4225103103072212,-0.9645218892415501,0.33478433952031655
diag_2420,-1.4287628564782942,1.055914800035526,-1.3531043001104102,0.17602231210546748
diag_2421,-0.5324237563598749,0.7842617863255846,-0.678885246792887,0.49721057427387966
diag_2422,-15.9493318550021,1927.9616845246182,-0.008272639432113383,0.9933994640064467
diag_2423,-1.0129149632007182,1.064803841960262,-0.951269072560803,0.3414678025938591
diag_2424,-0.37655302337825763,0.2435924250886763,-1.5458322369473474,0.12214508932978155
diag_2425,-0.3163644411844928,0.23619414412848744,-1.3394254220476924,0.1804322179509198
diag_2426,-0.6045218072406356,0.3125865329876605,-1.933934266018106,0.05312121042119816
diag_2427,-0.3786386629676835,0.22509339555978283,-1.6821402601620108,0.09254164506229315
diag_2428,-0.290794026982054,0.2239874670686584,-1.2982602588783125,0.19419791763717356
diag_2429,-15.807807732751941,672.1834283962415,-0.02351710420839695,0.9812377950726092
diag_2430,-15.531946104785607,1594.8513925211755,-0.00973880461691943,0.9922296809841097
diag_2431,-0.3302091571301643,0.7993656373139817,-0.4130890067275458,0.679541403418596
diag_2432,-0.3623218737583763,0.6897752943347922,-0.5252752261992705,0.5993918767204724
diag_2433,-0.12277370185573849,0.3284297590301473,-0.3738202720066814,0.7085380362816167
diag_2434,-0.15920444170097844,0.311285752333471,-0.5114414665867121,0.6090419651776824
diag_2435,-0.37878186707565353,0.42327277678660025,-0.894888326982159,0.3708467873330294
diag_2436,-1.0746413156618986,0.789757307984063,-1.3607234840346478,0.17360109029223397
diag_2437,-0.4193668286609577,0.476132088323736,-0.8807783364010914,0.37843780738549
diag_2438,-0.3615751147095778,0.298499600270331,-1.2113085390470324,0.22577717731919922
diag_2440,-0.026158029632179853,0.267719428855321,-0.09770687821957062,0.9221650536647761
diag_2441,-0.790585880820232,0.6638970402463935,-1.1908260361076775,0.2337218855455237
diag_2442,-0.7133052316261008,1.0787651227902473,-0.661223853605058,0.5084687660002793
diag_2443,-0.34517907637525375,0.4252656056317053,-0.8116787997997439,0.4169759622335887
diag_2444,-0.19245441136781108,0.3584467313186981,-0.536912167282949,0.5913282860224738
diag_2446,-0.04552432819849027,0.5432881426341105,-0.08379407652404747,0.9332201577066306
diag_2447,0.1424149322141968,0.5998421295935574,0.23742068985833767,0.812330440347304
diag_2448,-15.603426548383746,2790.774975141085,-0.005591072976994474,0.9955389924352677
diag_2451,-0.8740116877761015,0.7888036018728476,-1.1080219280197825,0.26785234589152446
diag_2452,0.9027429934881385,0.8924211816264744,1.011566076729434,0.3117455726341427
diag_2453,-0.09883373030192684,0.27730737281690465,-0.35640498591136605,0.7215372959950739
diag_2454,1.3253593120542522,0.92948366825183,1.4259091981110155,0.1538945540082865
diag_2455,-1.512408099568649,1.0455695968715302,-1.4464920404093193,0.14803924292738094
diag_2456,-0.3374468845033984,0.4353168557960894,-0.77517532346936,0.4382360675077684
diag_2457,0.5361747304114265,1.1280688076704883,0.4753032144543123,0.6345708682730207
diag_2458,-0.5304829917879262,0.36948519325495055,-1.4357354542808016,0.1510776325701877
diag_2459,-0.748156059726449,0.5785700007640043,-1.2931124301960102,0.1959721766103241
diag_246,-15.269869482787119,3956.180402274678,-0.00385975054979986,0.9969203722743147
diag_2460,-16.38523568561639,3956.180338647804,-0.004141680682639648,0.99669542637506
diag_2461,-14.961646000543672,1206.391722790743,-0.012401979985350807,0.9901049053062333
diag_2462,-15.431960857425507,964.9934929803127,-0.015991777115268425,0.9872409517688931
diag_2463,-13.433702066914028,1996.5797930202395,-0.006728357220621159,0.9946315881595055
diag_2464,-16.095687805465403,2655.071148414615,-0.006062243497721857,0.995163059136263
diag_2465,0.6127297234878083,0.4139097978893126,1.4803460237287351,0.13878092674690085
diag_2466,-0.6515679361804634,0.4344621488231938,-1.499711627227673,0.1336891173910674
diag_2470,-15.03685853353761,2778.730581519467,-0.005411412906865964,0.995682338262121
diag_2472,-15.57149447111182,2795.6941402734033,-0.0055698133235665805,0.9955559549203861
diag_2473,-1.776078771941034,1.0479292817177377,-1.6948460195994648,0.09010463489667742
diag_2474,2.122438866527358,1.6895190520648,1.2562384922108318,0.20902951478507587
diag_2475,-15.521177887452708,3956.1803398984407,-0.0039232736007810895,0.9968696885964651
diag_2477,-15.920000233245636,2249.7594167238385,-0.007076312300285325,0.9943539667883177
diag_2478,-1.8561278625337012,1.0690929694396638,-1.7361706751345867,0.082533660749155
diag_2480,0.8527920065134641,1.1861360921708928,0.718966408780855,0.4721616170173255
diag_2481,-1.133938238290392,0.7691061700686723,-1.4743585247653705,0.1403850852666149
diag_2482,-0.6605719569028021,0.4091527234060808,-1.6144874984668984,0.10642172634238795
diag_2483,-15.23323580225148,2779.8818497557254,-0.005479814116412919,0.9956277628023096
diag_2484,30.092713230701932,1570.563321670749,0.019160458426273203,0.9847131014119316
diag_2485,-15.674728654135293,1217.0575686795185,-0.012879200670139245,0.9897241687124803
diag_2486,-0.5807856040152897,0.23928183961138969,-2.4272030211675313,0.01521573848097618
diag_2487,-1.039435414053257,1.062272547122634,-0.9785016254715084,0.3278262877884203
diag_2490,-0.9290028654325497,0.6399507115941274,-1.4516787755706824,0.146590943504579
diag_2491,-0.23966659543352734,0.23550460714217836,-1.0176726406411079,0.30883355345851
diag_2492,-0.29433614685623677,0.3131119014342899,-0.9400350018889543,0.3471996070130733
diag_2493,-0.606970128437488,0.2549992699246798,-2.380281828323553,0.017299401640830797
diag_2494,0.010540580035897147,0.8340424777747034,0.012637941491925346,0.9899166500186619
diag_2495,0.5231623659071691,1.1698919260115448,0.44718862851781616,0.6547388711769184
diag_2496,-0.3646307174836602,0.22755554093655156,-1.602381185634714,0.10907134270570575
diag_25,-15.226052878883486,3956.1803827694544,-0.003848675087010253,0.9969292091494423
diag_2500,2.123015597453981,0.990285775245578,2.143841354206568,0.032045600542860556
diag_2501,-15.779330346813254,1954.2464431493527,-0.008074380998429338,0.9935576460656083
diag_2506,-15.301763454744217,3956.1803383579954,-0.003867812421588239,0.9969139398792978
diag_2507,-0.7979074533672356,0.3524770819970322,-2.2637144203717443,0.02359168498740153
diag_2508,-15.7944189701086,1508.8524340978724,-0.010467835431204326,0.9916480282533848
diag_2510,-0.693482427424823,1.0934882117106537,-0.6341928701178576,0.5259549600588463
diag_2511,-0.33028749328512386,0.2607010734777841,-1.2669203424406676,0.2051837741482678
diag_2512,-0.7903687692366246,0.6023403120594725,-1.3121631632693829,0.18946508790503153
diag_2513,0.5110478389466667,1.169914471609015,0.4368249571644402,0.6622382980131392
diag_2514,-0.6443725347568995,1.0731707833844146,-0.6004380148374597,0.5482143592244563
diag_2515,-0.40620671200000036,0.34784714606800604,-1.167773594211363,0.2428981020554702
diag_2516,0.3515475506773454,0.5654120577203043,0.6217546051188874,0.5341032399091246
diag_2517,-13.946141682020759,1001.0568334895826,-0.0139314184924006,0.9888846958272225
diag_2518,-0.5582397370652386,0.23975933962562598,-2.3283336446325977,0.019894394105040798
diag_2519,-15.605238649789584,709.9743557422181,-0.021980003254449418,0.9824639067760598
diag_252,-1.530239097038639,4420.646257946663,-3.4615732808021977e-4,0.9997238064178319
diag_2520,-1.7943250332637202,4377.26801481703,-4.0991893281150225e-4,0.9996729320214887
diag_2521,-15.64639357086167,1532.0631266430373,-0.010212629818423401,0.9918516419855775
diag_2522,0.8035127004561269,1.2154508542446054,0.6610820154925183,0.5085597181371927
diag_2523,-15.310460631678609,3956.1803372253717,-0.003870010799966831,0.9969121858402584
diag_2524,-14.766942850095708,1293.0678911690563,-0.011420083161097588,0.990888290018726
diag_2527,-15.467718291312107,1942.777585688704,-0.00796165160914644,0.993647588213645
diag_2528,0.7419172346147566,1.2434636420696954,0.5966537416243751,0.550738582826306
diag_2529,-2.5886428182532426,4830.7943886674275,-5.358627608589482e-4,0.9995724433968635
diag_253,-0.0598716792694799,0.5887474028429024,-0.10169332209428987,0.9190001028636067
diag_2530,-0.19253824561962485,0.2950046394967758,-0.6526617545678605,0.513974363829967
diag_2531,0.013050456808265248,0.5034813087170028,0.025920439512483788,0.9793207971495492
diag_2532,0.2472718088175685,0.6021070253457761,0.4106775015215377,0.6813090263334111
diag_2533,0.12694338508040331,1.0947759051984909,0.11595376229748823,0.9076891868647585
diag_2534,-14.860733368018211,2796.5425026781554,-0.005313966568999607,0.995760088072591
diag_2535,-0.3075218428704833,0.32752584325537354,-0.9389239023520565,0.34776981614897873
diag_2536,0.016863415902962885,0.3021106327801082,0.05581867724343537,0.9554862558513061
diag_2537,0.47382130822976654,0.5236779599939483,0.9047952070299886,0.3655738913370873
diag_254,-0.3679982027145466,1.104851105352799,-0.3330749283153752,0.7390777242007454
diag_2540,-16.605877681753647,1008.6416507739287,-0.016463604957233313,0.9868645371873099
diag_2542,-15.226805354226766,2232.4996930809566,-0.006820518453560477,0.9945580558219941
diag_2543,-14.601242686505739,2770.9751407690796,-0.005269351742525264,0.995795685055424
diag_2550,-15.774418995514676,1003.5448875938067,-0.01571869797806145,0.9874588100104156
diag_2552,-0.3366518180567479,0.547915752012198,-0.6144225947518537,0.5389361087216548
diag_2553,-1.0586182446382792,0.6330742557056873,-1.6721865327760619,0.09448754525624477
diag_2555,-1.7385862854146819,1.1896751002854384,-1.4613958760652748,0.1439068317923647
diag_2556,-0.40270188899370313,0.7974553763475087,-0.5049836027667797,0.6135703528475445
diag_2557,-1.0789084360361243,0.7695162761086596,-1.4020605795266856,0.1608971573849019
diag_2558,-0.939336749452532,0.4586060400517439,-2.048243301258195,0.04053616552115789
diag_2560,-0.38450196123284336,0.2807208117593498,-1.3696952456893747,0.17078205342469724
diag_2562,-0.755451261459793,0.4117112625069603,-1.8349055035797608,0.06651969208168612
diag_2564,-0.3714743635027139,0.44392977411598344,-0.8367863233378452,0.40271268638941105
diag_2565,0.29826896643031336,1.1571706471094299,0.25775711402235996,0.7965943643351205
diag_2566,-1.1222609673149981,1.0602179477863285,-1.0585191183173344,0.28981883935611497
diag_2567,-0.6729212118170115,0.4296052799889273,-1.5663709064151992,0.1172618099177814
diag_2568,-0.9322556532788205,0.6631814843133508,-1.4057323301841962,0.15980362286215297
diag_2569,-0.4362129245049464,0.347169439015549,-1.2564842278222808,0.20894046078545048
diag_2570,0.16045933395927484,0.7055903794599704,0.22741145377022254,0.8201038147705134
diag_2571,-0.24422243184259515,0.271973651688777,-0.8979635723024452,0.36920497041508094
diag_2572,0.1759475981068752,0.36412600845624177,0.48320524769111467,0.628950009649119
diag_2573,0.31654325350434953,0.4590413707463359,0.6895745649018417,0.49046176713842227
diag_2574,-0.5874831069495071,0.30444813948430055,-1.929665617088791,0.05364828278957019
diag_2575,-0.8433562023254392,0.5713941593952703,-1.4759622380774724,0.13995402981611557
diag_2576,-0.46985265548674887,0.4386163143120765,-1.07121563917125,0.28407248121581324
diag_2577,-0.13999506855327928,0.26573693751976785,-0.5268182506350485,0.598319807748724
diag_2578,-0.40995993252699914,0.28556327701352974,-1.4356185319570192,0.15111091848233055
diag_2579,-15.577952018485936,1262.8003956239013,-0.012336036694690349,0.9901575164150274
diag_2580,-15.677630541244374,3956.1803389857882,-0.00396281999249395,0.9968381353863736
diag_2581,-0.5246234165078677,0.43138844271327764,-1.216127657959902,0.22393629605104942
diag_2583,-0.9020055845471125,0.8059123752130672,-1.1192353068268002,0.2630397666820403
diag_2584,-0.46585901118525885,0.23473334498076318,-1.984630735882185,0.047185570128646576
diag_2585,-0.33366061691412907,0.23172333877983828,-1.4399094138339772,0.14989302937203428
diag_2586,-0.2960709028016195,1.0849092597384664,-0.27289923110527403,0.7849306775840788
diag_2588,-15.955178446774898,1721.6088710580998,-0.009267597719201374,0.9926056327126247
diag_2590,-0.22757465564406335,0.360363889845296,-0.6315134841666877,0.5277048353823599
diag_2591,-0.5330161784961468,0.33575806416297327,-1.5875007494605597,0.1123992773596541
diag_2592,-0.09723409198200716,0.4330753912967205,-0.22452001184105025,0.8223526971570483
diag_2593,-0.21274657884442283,0.35870076200957196,-0.593103225241394,0.5531120721380922
diag_2594,-0.28597773731739956,1.1311307311161047,-0.25282465540938914,0.800403714255462
diag_2595,-0.08822677859827896,0.45329203464931817,-0.19463562527970327,0.8456782114427801
diag_2596,0.21567776662841023,0.4218562807277834,0.5112588729420467,0.6091697991475002
diag_2598,-16.128077836016388,1698.7935810518713,-0.00949384199228613,0.9924251238429211
diag_2599,-0.41159135434957245,0.22764476482900117,-1.8080422567975396,0.07059992407455659
diag_2600,-1.653719929117715,1.0451223529414457,-1.582321844388268,0.11357611642426561
diag_2601,-1.1571391845459449,1.07344157685229,-1.0779712743557837,0.2810465756970925
diag_2602,-15.806028232021886,2771.554356081955,-0.0057029472279108715,0.9954497311209827
diag_2603,-15.703161800175215,2282.5099212675627,-0.006879778113496508,0.994510774563598
diag_2604,-15.099184773558054,1516.5413027204518,-0.009956329409869907,0.9920561297257987
diag_2605,-15.21913579481296,3956.1803369214604,-0.0038469267067476193,0.9969306041447333
diag_2607,-15.577446772605267,1008.6937985290065,-0.015443186817765802,0.9876786094293428
diag_2608,1.2259133656504846,0.7802799241934615,1.5711199630282087,0.11615478640751814
diag_2610,-14.0477986917796,2513.714128653424,-0.005588463115853548,0.9955410747706458
diag_2611,-0.7086554374784917,0.849953845450031,-0.8337575519801018,0.40441761965861484
diag_2614,0.03157952556714531,1.140094061426668,0.027699052767302338,0.9779021791971187
diag_2615,-15.758260257349816,3956.180335734179,-0.003983200693611817,0.996821874067955
diag_2616,-0.3276798218349994,1.1031154291199579,-0.29704944123246957,0.7664287630592782
diag_2617,-0.14034110463169674,1.2000840696098094,-0.11694272775183717,0.9069054385737574
diag_2618,-0.5476146281048992,1.1250783322421631,-0.48673466763292894,0.6264463741993411
diag_2619,0.6834258774418158,1.046560845622615,0.6530206822664337,0.5137429450921125
diag_2620,-0.7033668643872222,1.0739357876936302,-0.6549431283017053,0.5125043710585848
diag_2621,-14.903435442979099,1214.7391237460631,-0.01226883628891384,0.9902111305238663
diag_2622,-15.421790442260535,2776.6891874001685,-0.005554021138642476,0.9955685550660245
diag_2623,-15.344788186952817,1565.0471883609227,-0.009804680843536383,0.9921771218693924
diag_2625,1.1342380374380254,0.6154180578008381,1.8430366529886388,0.06532365915278945
diag_2626,-14.999905170814793,703.5658241395298,-0.02131983199888919,0.9829905237866514
diag_2627,0.09272946045624489,1.2790232170780143,0.07250021674203029,0.9422038329893889
diag_2634,-15.789278581866732,2698.2246176069875,-0.00585172875483954,0.9953310226189441
diag_2641,-16.37845155887755,2544.214176763128,-0.0064375286123572375,0.9948636307872072
diag_2642,-16.12032462099391,710.6262370446009,-0.0226846741376116,0.9819018009575022
diag_2644,-15.936320756468167,1660.9255996124139,-0.009594843236919821,0.9923445401796872
diag_2645,-13.362937318487138,1989.290489086518,-0.006717438901858621,0.9946402995206085
diag_2646,0.07127447964831223,1.2013654156382783,0.05932789367874763,0.9526909442962692
diag_2647,-15.15323820385314,1561.1516936633925,-0.00970644830054574,0.9922554963692015
diag_2648,-1.447089439587117,0.6606926309975056,-2.1902612072459764,0.02850529851301994
diag_2649,1.378182653734104,1.648376635127545,0.8360848026867752,0.40310719728286204
diag_2652,-16.20837974214602,1841.5495688079734,-0.008801489797875834,0.9929775178458558
diag_2654,2.0542927401226274,1.8913688428825606,1.0861407323342394,0.2774167338137557
diag_2656,-15.275291208913142,1858.2401007389426,-0.008220300058554765,0.9934412233645952
diag_2658,-0.6903487084007955,4520.293590390335,-1.5272209527903314e-4,0.9998781453985571
diag_2659,-15.356680311164128,2124.636703274645,-0.007227908793769445,0.994233013380396
diag_266,-15.786985031594742,3956.1803469553683,-0.00399046141658942,0.9968160808952318
diag_2661,-15.408640118584271,2525.991679272746,-0.006100035975977778,0.9951329056588968
diag_2663,-15.085710280920317,2524.004048823915,-0.005976896228811382,0.9952311551706641
diag_2664,-15.567710328509264,1880.6082115911524,-0.008278018905031619,0.9933951719550247
diag_2665,-0.6088820951770161,4009.5655146341064,-1.5185737530780307e-4,0.9998788353452636
diag_2670,-0.5051674971910086,4009.5655055184925,-1.259905833925722e-4,0.9998994740589705
diag_2674,-15.84447414899361,3956.1803380856836,-0.004004992895915467,0.9968044865448819
diag_2680,0.04368734146403276,0.6925122268826288,0.06308529982307036,0.9496985800233525
diag_2681,0.3678850353504233,0.512554971839536,0.7177474721006041,0.47291300673932257
diag_2682,-0.22434282062859762,0.23627738903218945,-0.9494891641875816,0.3423718805275416
diag_2683,-16.066075986956136,3956.1803797659836,-0.004061006942233124,0.9967597941656069
diag_2684,0.019444515020734188,1.1392766246709165,0.01706742208140257,0.9863828285383833
diag_2685,-16.233841840312344,1477.2013326833326,-0.010989593280980602,0.9912317496839189
diag_2686,-15.922833636502991,1538.3974766142792,-0.010350272851165958,0.9917418245393949
diag_2691,-14.645638514209324,2244.710277122988,-0.0065245117213881265,0.9947942297650452
diag_2692,0.34984732681292735,1.1874389819425055,0.2946234140306054,0.7682815738839781
diag_2693,-0.21109702956697662,1.12567838821835,-0.1875287220367508,0.8512461061948703
diag_2694,-15.84611286152604,1606.576473503598,-0.009863279540605417,0.9921303691344414
diag_2695,-16.05997629880805,2766.9088903982724,-0.005804302539393105,0.9953688626213848
diag_2696,-0.8173932970261926,1.0818445730459156,-0.7555552039465662,0.4499159224272095
diag_2698,-30.92857147696898,1929.634951802051,-0.016028198208207903,0.9872118956652154
diag_27,0.8956232631444296,5594.883933265351,1.60078971043411e-4,0.9998722754610407
diag_270,-0.22859032256518136,0.2922642324545126,-0.7821358113013664,0.43413476269952544
diag_2701,-14.146850145781034,1380.3593398915775,-0.01024867202107838,0.9918228859734742
diag_2702,-15.278211210491929,3956.180339761346,-0.003861859141490394,0.9969186898740986
diag_2703,-15.753385363848146,3956.18034978754,-0.003981968457199924,0.9968228572425663
diag_2704,-12.777197685587833,3956.180467357897,-0.0032296801905300795,0.9974230925195284
diag_2705,0.5751180565576323,0.962759969635828,0.5973639065770209,0.5502644459083053
diag_2706,-15.260967228319497,1219.7009984149936,-0.012512056026969878,0.990017084146345
diag_2707,-0.26706785180598885,0.23205170301075562,-1.1508980470339847,0.24977418134562895
diag_2709,-0.24090446680584707,1.1043699735995363,-0.2181374653103374,0.8273220071116628
diag_2710,-0.4896854429213814,0.36005766062025374,-1.360019509313659,0.17382375026194438
diag_2711,-0.16752478705365362,0.5390107968308688,-0.31080042930238305,0.7559523433008312
diag_2712,0.9987286191760599,1.2999132205692436,0.7683040708969078,0.4423065566973389
diag_2713,-16.188902755762825,1557.549701189925,-0.010393827396579994,0.9917070749092818
diag_2714,-0.20204209203223764,0.5842166004176353,-0.3458342195134562,0.7294673066711028
diag_2715,-0.9030893126474666,0.45842737954963075,-1.9699724600539383,0.04884152693257826
diag_2716,-0.2662674140131341,0.7972578498644114,-0.33397904336522727,0.7383953725705488
diag_2717,-0.2633929798893155,1.1036272433573018,-0.23866117973679038,0.8113683210165632
diag_2718,-15.262469483934778,1106.1932370630877,-0.013797290538908201,0.9889917041653229
diag_2719,-1.114862813008423,0.5229240754297482,-2.1319783605147826,0.033008625536548264
diag_2721,0.421063419880464,0.42672190592997855,0.9867396401007754,0.32377029183841577
diag_2722,-0.25824956309241864,0.3899046028558717,-0.6623403807004572,0.5077531031532564
diag_2723,-0.808995540938917,0.6407416930906243,-1.2625923202167764,0.20673572926694767
diag_2724,-0.039687703626302376,0.3490771123093321,-0.11369322773339953,0.9094809811966901
diag_2725,-15.967193893368009,1946.6118448088257,-0.008202556629843238,0.9934553800951347
diag_2726,-0.15412655161708125,0.7910133240936249,-0.1948469727658326,0.8455127480148067
diag_2727,-0.0503581475907851,0.6768041653101152,-0.07440578851595976,0.9406875030033675
diag_2728,-1.1732876005110067,0.4411711099560938,-2.6594842092624207,0.007826039846451086
diag_2729,-0.9092062530520224,0.5156762169423369,-1.7631339650354483,0.07787789791213505
diag_2730,-0.31258474759264676,0.30246405950846106,-1.0334607956417465,0.30138830815877776
diag_2731,0.017958197999219862,0.46426006608268316,0.03868133253576362,0.969144456748129
diag_2733,0.027967391965444705,0.30345615113390756,0.09216287711071441,0.9265686322475608
diag_2734,-14.866362821314128,3956.1803667512663,-0.0037577565841675916,0.9970017510944852
diag_2736,-0.11326661292331146,0.8000514903820563,-0.1415741540200396,0.8874163833689627
diag_2737,-15.426415918251484,1150.977499800691,-0.013402882263921579,0.9893063673347829
diag_2738,0.16110671910795313,0.6736518720859377,0.23915426614802127,0.8109859640564735
diag_2741,-15.851166636772769,1294.5533012883254,-0.012244506750705328,0.9902305412287229
diag_2742,2.3837021365723325,1.2678970785259407,1.8800438749678552,0.06010209857546348
diag_2745,0.05505993177709936,0.8094461728621115,0.06802173340620485,0.9457683335949774
diag_2746,-0.6107414804434919,1.0622442969286177,-0.5749538803921047,0.5653224885561027
diag_2747,0.7157047212548378,1.1571754669447207,0.6184928229981457,0.5362505273130664
diag_2748,-14.877910915898008,3956.1803358813154,-0.003760675614546693,0.9969994220616698
diag_275,-14.800041627466253,2489.616486788437,-0.005944707430242822,0.9952568376598032
diag_2750,0.9107204029929857,0.8761608105368093,1.0394443486179237,0.29859812755671467
diag_2751,-15.31781350919709,2277.758223238853,-0.0067249514689122535,0.9946343054947344
diag_2752,-12.798704737514512,3956.180466371565,-0.0032351165085380755,0.9974187549879824
diag_2753,-1.065017005794934,1.0653897461379613,-0.9996501371029911,0.3174798506384525
diag_2754,-15.353475422405369,3956.180337265061,-0.0038808836083087527,0.9969035106594968
diag_2755,-14.676898550889101,2515.1498739999056,-0.005835397207383138,0.9953440530860344
diag_2756,-15.535418206667352,1037.7021115286525,-0.014970980625433946,0.9880553318941505
diag_2758,-15.541152743052903,1413.561128389398,-0.010994326620144393,0.9912279732538262
diag_2759,-14.947618872428972,1520.6190060242532,-0.009829956625039424,0.9921569556853987
diag_278,-15.910335703022957,3956.180335955009,-0.004021640661429114,0.996791203656779
diag_2780,-0.5006991915793773,0.2382078181645324,-2.101942729829042,0.035558292877404626
diag_2781,-0.6181327026020619,0.39168425305390114,-1.578140294848663,0.1145333828806131
diag_2782,-2.3883183520735964,1.042618901072472,-2.290691593656027,0.021981257167673317
diag_2783,-1.3796653476504228,1.0557970003819577,-1.3067524790762794,0.19129678915446588
diag_2784,-0.16370344830780656,0.3176480732151724,-0.5153610618532387,0.6063007367614224
diag_2785,-0.27689231261259156,0.2610449218838324,-1.0607075234959422,0.2888228398063802
diag_2786,-0.6293766863825707,0.26875192469971504,-2.341849968463642,0.019188426694958138
diag_2787,-0.477639337650742,0.32875951745215076,-1.452853262933323,0.14626449981727951
diag_2788,-0.47106629059403465,0.2841351098126858,-1.657895396681466,0.09733858147604693
diag_2789,-0.2747999668116782,0.27990508744776227,-0.9817612438464991,0.32621748556586466
diag_279,-1.137684910570721,1.048524740030314,-1.0850339216009623,0.2779066315558251
diag_2790,-0.22026881756058192,0.30206028083249237,-0.7292213890337077,0.4658662495413066
diag_2791,-15.083065300488293,1586.605000022989,-0.009506503068041352,0.9924150222219155
diag_2792,0.2330926938089403,0.8245354378131307,0.28269578615948765,0.7774100467045298
diag_2793,-15.451012521190293,1666.6982193440424,-0.009270432008543996,0.9926033713740605
diag_2794,-0.24724685053289266,0.523153934414892,-0.47260822153506216,0.636492715802666
diag_2795,-15.45885766349219,2797.3036673926795,-0.005526342328754438,0.995590639222171
diag_2796,-0.1768257351080284,1.1294611372425312,-0.15655760900258253,0.8755935135784165
diag_2797,-14.954304402332847,2503.317114896751,-0.005973795454576132,0.9952336291863855
diag_2799,-0.3279921069684873,0.2840258294555798,-1.154796757735668,0.24817366515184264
diag_28,-0.30938625461372826,0.304903408928289,-1.0147025108744967,0.3102476568845666
diag_2800,-14.655813689429488,3956.1804994177182,-0.0037045361533900112,0.9970442145589393
diag_2801,-15.485995409061443,1965.2950369334737,-0.007879730583976258,0.9937129496844803
diag_2802,0.6618202761637085,0.6660481734487868,0.993652265025837,0.3203921897641545
diag_2805,-0.4633345434258059,0.4503982714994908,-1.0287218507372307,0.3036103989822066
diag_2806,-15.802802690000732,1969.3448938249833,-0.008024395696026384,0.9935975272746329
diag_2807,-15.90258410790697,535.7943186279052,-0.029680389573057207,0.9763219518849015
diag_2808,0.06695153886225173,0.4577419456323684,0.14626481033928077,0.8837123443399741
diag_2810,-17.288309667014083,1800.3920518113548,-0.009602524988721486,0.9923384113108721
diag_2811,-17.146556855219934,3956.180472399114,-0.004334118975321136,0.9965418842114583
diag_2812,-0.35034927380528325,0.5888057732789254,-0.5950167095921425,0.55183230162693
diag_2813,-0.34263759528357424,0.8141751177366212,-0.4208401703998213,0.6738717962748031
diag_2814,-15.358615727854271,2787.92525662343,-0.005508976860612008,0.9956044946501799
diag_2815,-14.760668118935483,2120.275549061403,-0.006961674450978642,0.9944454323052029
diag_2816,-14.487697290053651,1101.1932863899906,-0.013156361802339207,0.9895030448618591
diag_2820,0.36927536302236524,0.4021376675859216,0.9182809589541001,0.35847179327105244
diag_2821,-0.13064602958921528,0.7947353184071039,-0.16438935902719218,0.8694246398857812
diag_2822,-15.788348076985232,1853.064559703033,-0.008520128451172488,0.9932020033002149
diag_2823,-0.556198075857986,1.0796596106410583,-0.5151605842953947,0.6064408098149965
diag_2824,0.33447803381783453,0.8278617483526728,0.4040264385731051,0.6861932774936061
diag_2825,-0.07673925695736401,1.1876214855388474,-0.0646159217324583,0.948479807493213
diag_2826,2.3937103077824964,1.597813860506115,1.498115873787875,0.13410314756026934
diag_2831,-0.07263007496206676,1.2454643914334589,-0.05831565756647098,0.9534971958049396
diag_2832,-15.083831526233256,3956.180406642263,-0.0038127259062574925,0.9969578922352845
diag_2833,12.397931145034107,4958.451479218229,0.002500363510058753,0.9980050006376582
diag_2836,-15.356806358477595,1299.839850755139,-0.011814383402352293,0.9905737051748644
diag_2837,-15.30288191010865,2114.2155922768743,-0.00723808960921929,0.994224890477415
diag_2840,0.0050097350828267745,0.838982206183618,0.005971205403288796,0.9952356957114618
diag_2842,-16.525195451357884,2567.724946083259,-0.0064357342777562635,0.9948650624294253
diag_2843,-17.356228970451912,3956.1804151584524,-0.0043871176612547795,0.9964995977802539
diag_2844,-15.713540722877992,1743.2041336026205,-0.009014171329667142,0.9928078292680721
diag_2845,0.6699493552503251,0.8742705560730458,0.7662952281723078,0.4435006569790431
diag_2846,-15.5715391863195,3956.180629411119,-0.003936003091101869,0.9968595320110909
diag_2847,-14.735265169838925,1428.2100276117017,-0.010317295695283491,0.9917681350980798
diag_2850,-0.4637263810510344,0.7019980033137263,-0.6605807692643719,0.5088812051124953
diag_2851,-15.806953778972265,1759.2998531381609,-0.008984797986981312,0.9928312648556477
diag_2852,-0.9431911308953007,1.0780861681857008,-0.8748754586867454,0.38164167357078593
diag_2853,-16.76978703226553,2500.2303722938314,-0.006707296742771796,0.9946483916104568
diag_2860,-1.8117504430894238,1.1605623954864865,-1.5610969734461981,0.11850087209281243
diag_2861,-14.893827593702653,1187.2107886659126,-0.01254522594967241,0.9899906204541815
diag_2862,-16.386230274030492,2195.80566432132,-0.007462513891954619,0.9940458306446194
diag_2863,-1.221898696242879,4437.692016787444,-2.7534553809064065e-4,0.9997803060490476
diag_2864,-14.744948147043235,1483.9751628303038,-0.009936115183303345,0.9920722575473234
diag_2865,0.7043640529505379,1.3102669473451891,0.5375729383830467,0.5908719171831835
diag_2866,-16.798561515332974,2371.5300480431847,-0.007083427650091945,0.9943482897028447
diag_2867,-0.4996324368657832,1.1073181648473118,-0.45120946510859195,0.6518385885031398
diag_2868,-13.455858418818986,1553.1768248524372,-0.008663442695970813,0.9930876592974903
diag_2869,-16.035785313564865,3956.180335727788,-0.004053350442280808,0.9967659031184296
diag_2870,-14.625956831753303,2079.7955090042797,-0.007032401391594315,0.9943890017526602
diag_2871,-15.358460882893699,3956.180337220187,-0.00388214377853294,0.9969025051967051
diag_2872,-16.243611379665158,3956.180346274962,-0.004105882431512437,0.9967239890040737
diag_2873,-0.3876317825117232,0.6813046660738821,-0.568955126559617,0.5693865930194948
diag_2879,-15.589717860362118,3956.180364571245,-0.003940598360977829,0.9968558655446381
diag_288,-15.157184031555882,3956.180335665163,-0.003831267218764805,0.9969430985163493
diag_2880,-0.2849545344044011,6030.988893946836,-4.724839315993492e-5,0.999962301236589
diag_2881,-15.432242246886656,1186.9260749662478,-0.013001856284373479,0.9896263118854102
diag_2882,-14.26392937655317,1368.198997257077,-0.010425332429821285,0.9916819388915703
diag_2883,-15.736157412737008,1389.2751402765841,-0.011326883319602316,0.9909626479238168
diag_2884,-15.804223313850267,3956.180347286358,-0.0039948187207114495,0.9968126042972567
diag_2891,1.4402475713041707,1.2335311268210212,1.1675810524667392,0.2429757967106889
diag_2892,-14.858995658283977,1408.3295867113616,-0.010550794216417568,0.9915818403746834
diag_2893,-15.86070684418353,3956.1803994836064,-0.00400909595686127,0.9968012128021835
diag_2894,18.725055301906156,3956.1803353707696,0.004733114700179931,0.9962235349565202
diag_29,0.10484769797599244,1.1198146509456246,0.0936295108190039,0.9254034663392339
diag_2905,-0.5972626812048204,1.1410502520973052,-0.5234324080880951,0.6006733764606714
diag_2906,-14.396153296581497,2504.4061444420427,-0.005748330129492164,0.995413521398025
diag_2907,-15.568603463501908,1740.0265252142744,-0.00894733685831871,0.99286115331044
diag_2908,-16.251625763962856,3956.1805190590376,-0.004107908040512834,0.9967223728155559
diag_2909,-15.878009840414014,1658.0175857544564,-0.009576502672128753,0.9923591731608781
diag_2910,-14.272017549999246,1396.6239734973854,-0.010218940688995674,0.991846606902126
diag_2911,-14.94915857935185,2538.550234562508,-0.005888856708769514,0.9953013993081499
diag_2912,-16.333016197235736,3956.180339026214,-0.00412848121106026,0.9967059579396045
diag_2913,1.649698919870529,1.2939510537947878,1.2749314705779902,0.20233349893708644
diag_2915,-15.927040499263477,3956.1803803097055,-0.004025863072000939,0.9967878346878473
diag_2916,-13.760687435908556,2513.529637325103,-0.005474646979119241,0.9956318855195384
diag_2917,30.40415280054474,4346.378081147974,0.006995284863141574,0.9944186157292377
diag_2918,-15.178968381421912,2794.7260186168924,-0.005431290323383461,0.995666478611441
diag_2919,-15.480150973640074,2275.3836957558788,-0.0068033145365830675,0.9945717822432637
diag_2920,0.2467731565020786,0.6979956711905475,0.3535453967517678,0.7236796015696052
diag_2921,-15.596042239466604,1960.7558889016514,-0.007954096849966863,0.9936536158484935
diag_2922,0.9031261305821046,1.2140224939832382,0.743912188660463,0.45692960097246177
diag_2923,-15.38620774881801,1245.013927627269,-0.012358261548238934,0.9901397848991701
diag_2924,-0.5327773881883301,0.8110646909581093,-0.6568864285769377,0.5112539452252942
diag_2927,-15.061336061144422,3956.1803365811766,-0.003807039816127295,0.9969624290458842
diag_2933,0.9263190127222621,1.264533226440827,0.7325382942522535,0.46384007825270385
diag_2934,1.1813475543030416,0.9174172567183893,1.2876883944048902,0.19785445508934635
diag_294,-0.34538532867864086,0.6640291516512907,-0.5201357919599545,0.6029689334729971
diag_2942,15.746002670152176,6852.305371592738,0.0022979131571441045,0.9981665321834244
diag_2944,-16.122088136061183,3956.1804838128173,-0.004075164973394572,0.9967484977846061
diag_2945,-15.039170960656277,2117.3860672588303,-0.0071027061116568126,0.9943329081029476
diag_2947,-0.44730572255183937,4407.0129108073115,-1.0149861858922904e-4,0.9999190158194239
diag_2948,30.066529801133132,4346.378078920121,0.006917605706451407,0.9944805932294116
diag_2952,-15.60898622910575,3956.1804644995627,-0.003945468708814377,0.9968519795995021
diag_2953,-15.70517918804723,3956.180340542166,-0.003969783436589988,0.9968325794055416
diag_2955,-2.093935148859156,4420.914331963562,-4.7364300495936744e-4,0.9996220875731406
diag_2958,0.3716304522606045,0.7567059686204943,0.491116057850187,0.6233443647568089
diag_2959,0.4201109156531761,0.8385071926763185,0.5010224352545868,0.616355333561944
diag_296,19.309122195966882,3956.1803379340013,0.004880748739085667,0.9961057413972471
diag_2962,0.13120368392259335,5099.39996340032,2.572923968786039e-5,0.9999794710368941
diag_2963,-15.839583414317907,3956.180358260407,-0.004003756649073202,0.9968054729192423
diag_2965,-15.49618024067676,2269.225246548405,-0.006828841810325862,0.9945514148987934
diag_2967,-14.842825707517479,2560.4897505725216,-0.005796869799693065,0.9953747929898661
diag_2968,18.16747145339933,5994.7350054944645,0.003030571232381075,0.997581957704633
diag_2969,-15.411828747927537,1504.3714583080045,-0.010244696323381139,0.9918260579547606
diag_2972,-17.16772804086752,3440.5353706701812,-0.004989842042380579,0.9960186985949675
diag_2974,-15.519282391052846,3956.180336474684,-0.003922794481325878,0.9968700708755395
diag_2975,18.24013422653795,3956.1804643143596,0.004610541503621505,0.9963213331502847
diag_2977,-15.25696311780664,3956.180335804526,-0.0038564882848556993,0.9969229751657747
diag_2980,2.6411592719600945,1.5952912559150907,1.6555969088196834,0.09780347660843616
diag_2987,-15.48877294490342,3956.1803373807807,-0.003915082636287981,0.9968762239903803
diag_2989,1.495862439306051,1.2590664519719956,1.1880726684149012,0.234804781265837
diag_299,NA,NA,NA,NA
diag_2990,-15.783141108175299,3956.1803406777776,-0.003989489797998266,0.9968168561285339
diag_2991,-14.947303348127928,2691.678023946076,-0.005553154283369583,0.9955692467057972
diag_2992,-15.586765871357684,2749.4647976728947,-0.0056690181611163334,0.9954768021619268
diag_2994,-15.114545536059532,3956.1803668263237,-0.003820489496080415,0.9969516978319439
diag_2995,0.2559414589852376,0.3437682286823219,0.7445174906543052,0.45656346371860973
diag_2996,-0.1289091863133741,0.26066101896168,-0.4945472354357871,0.6209197557388904
diag_2997,-0.3122518232617873,0.2821551365345699,-1.1066671587016454,0.26843785935037145
diag_2998,-0.2640550864274294,0.2610454303170255,-1.0115292426561495,0.3117631923348554
diag_2999,-1.7218285014728945,1.0583929240340058,-1.6268329675809254,0.10377257774750533
diag_2E812,-15.1980312730678,1337.1942903917954,-0.011365611850327901,0.9909317490160757
diag_2E813,-0.18035013474529268,4061.8586015840265,-4.440088945365073e-5,0.9999645732158307
diag_2E814,18.074667767144383,1398.364143202065,0.012925580118034088,0.9896871663471208
diag_2E816,-14.634812121759584,2114.1324569704984,-0.0069223723771456224,0.994476790067519
diag_2E817,-15.131298545515543,3956.180345327822,-0.003824724159348634,0.9969483190841878
diag_2E818,-15.535695936199836,3956.180350872287,-0.00392694330347564,0.9968667606198973
diag_2E819,-14.498568065648751,2542.6383736025446,-0.00570217464511338,0.9954503475428459
diag_2E821,-14.233919283123473,2557.670413120267,-0.005565189013450172,0.9955596445288484
diag_2E826,-1.1522560543971037,4260.531202212194,-2.704489181534026e-4,0.9997842129863501
diag_2E829,-15.500791941075873,3956.1803485710006,-0.003918120655615425,0.9968738000202552
diag_2E849,-0.007456556843376901,0.4583110708660254,-0.01626964155434207,0.9870192768654303
diag_2E850,-16.011404463229493,3956.1803609356693,-0.004047187691777193,0.9967708202415765
diag_2E853,-15.932357133011253,2778.1804785611985,-0.0057348171783506725,0.9954243029953989
diag_2E854,-15.59120699836982,3956.1803603557737,-0.003940974773194548,0.996855565213474
diag_2E858,-0.19761459876990986,1.2603837296472689,-0.15678923340688816,0.8754109583995064
diag_2E868,-0.23069097019449272,4830.229945643616,-4.775983189010554e-5,0.9999618931675228
diag_2E870,-15.463832244865259,2282.3496567784828,-0.00677540016663894,0.9945940541747436
diag_2E878,0.12538581059195758,0.35176155438494155,0.3564511500160837,0.7215027292980289
diag_2E879,0.30124061344368486,0.6344958454843079,0.4747716089673514,0.6349497711895513
diag_2E880,0.3600639542261866,0.7196481366907227,0.5003333377363115,0.6168403836968201
diag_2E881,-15.514958403135859,1970.6299439867794,-0.007873095834394743,0.9937182432845317
diag_2E882,-15.019747400170806,3956.1803569585813,-0.0037965274696721953,0.9969708166242031
diag_2E883,-15.823605651315685,3956.180350300393,-0.003999717972946859,0.9968086952907681
diag_2E884,0.13554148823028656,0.7048427810786304,0.19230031415355575,0.8475069723320425
diag_2E885,0.14149000517877777,0.3676134969279673,0.3848879498744364,0.7003204340771507
diag_2E887,-16.340438334625855,2212.9199396689987,-0.00738410732431197,0.9941083883107302
diag_2E888,0.32678682782554735,0.34415175637712786,0.9495428158368842,0.3423446066180158
diag_2E890,0.08037372679557254,4845.27723595244,1.6588055312746914e-5,0.9999867646467728
diag_2E900,-0.18240542586081449,4264.684558966133,-4.277114129750176e-5,0.9999658735667212
diag_2E905,-15.130275079991003,2203.197400920799,-0.006867416906749932,0.9945206371466258
diag_2E906,-16.507314102583706,2513.297728500338,-0.006567989902427306,0.9947595399389614
diag_2E915,-0.7544739051377679,4127.678898353073,-1.8278405944774432e-4,0.9998541594218179
diag_2E916,-15.662835079778578,2793.6905082690446,-0.005606503309302928,0.995526681004312
diag_2E917,-15.740631129788715,1498.3603156933307,-0.010505237602015048,0.9916181872795692
diag_2E918,-16.18499713620632,3956.1803408113283,-0.004091066569752764,0.9967358102521425
diag_2E919,0.6912928563957345,4165.969570407039,1.659380474851119e-4,0.9998676005944694
diag_2E924,31.870669618358434,1475.538941757419,0.021599341580507078,0.9827675587527634
diag_2E927,-15.607060172405193,1502.0501435913143,-0.010390505429525557,0.9917097253123842
diag_2E928,-0.8267861294584029,1.0766557765269928,-0.7679205810100203,0.442534369356783
diag_2E929,-15.642854477830785,3956.180342059761,-0.003954029676434424,0.9968451489888933
diag_2E930,-0.29606945331327644,1.1156168280294168,-0.2653863278812693,0.7907118674472892
diag_2E931,-16.478055666286643,2210.3079111380907,-0.007455095094783454,0.9940517498236866
diag_2E932,-0.1502117498367111,0.5837974108420128,-0.2573011579822874,0.7969462986007682
diag_2E933,-16.260568661822383,1744.04184472424,-0.00932349685932761,0.9925610335786463
diag_2E934,-0.5855946821709369,1.1025666780974561,-0.5311195175800298,0.5953359599666429
diag_2E935,-0.6471315031663031,0.7991446625810327,-0.8097801730618259,0.4180665298406509
diag_2E936,-0.4556797836523196,1.1735382994630605,-0.38829562176267346,0.6977972769167542
diag_2E937,0.9790947774910406,1.196886109117692,0.8180350411225003,0.4133371788264769
diag_2E938,-14.439875281119445,3956.1803703141177,-0.0036499537254346495,0.997087764741044
diag_2E939,-0.8439512642233602,1.0855553974945273,-0.777437306443511,0.4369008093282007
diag_2E941,-16.547440912226328,2648.951341350068,-0.006246789306364811,0.9950158156736705
diag_2E942,-0.9808787333974419,0.7784560245054092,-1.2600310133390538,0.20765817463711062
diag_2E944,-15.57522560941458,1145.7362703520062,-0.013594075715722418,0.9891538309290778
diag_2E945,19.91900793694076,3956.180369418417,0.005034908946749811,0.9959827408594735
diag_2E947,0.26213214965039844,0.6198797409572522,0.42287581337244484,0.6723858702720136
diag_2E950,1.7213872463511284,0.8323796495755297,2.068031393161698,0.03863707118240274
diag_2E965,2.041300441342777,4416.245348204071,4.6222532499760253e-4,0.9996311975627049
diag_2E968,0.6559575668109536,4327.746736502345,1.5157022967131714e-4,0.999879064454331
diag_2E980,0.2525728244568726,4177.124526384942,6.046571579599511e-5,0.9999517553389379
diag_2V02,-15.471895972079116,1950.4222057099203,-0.007932588096456588,0.9936707768094327
diag_2V03,-15.264175259010324,3956.1803367896227,-0.003858311290075558,0.996921520628877
diag_2V08,0.4943760800139345,1.1212563177897654,0.440912637164404,0.6592762446055144
diag_2V09,0.9427616023112116,0.7451341149266768,1.2652240495041378,0.20579102370649421
diag_2V10,-1.589928480012421,0.6351237419645038,-2.503336554691857,0.012302849085900883
diag_2V11,-15.490185658089716,2542.0186394827115,-0.006093655419160063,0.9951379965120527
diag_2V12,-0.11743690854709901,0.4610419057791731,-0.25472068173201634,0.7989388413122346
diag_2V13,-15.577767040535166,3956.180338461969,-0.003937577589446108,0.996858275752906
diag_2V14,-15.469581045052282,2278.760521135426,-0.0067885944580715896,0.9945835268954252
diag_2V15,-0.45371540884777994,0.38637620963159014,-1.174284020438002,0.240281281647613
diag_2V16,-14.891645745771175,2783.1998842580438,-0.005350548420901881,0.9957309003927033
diag_2V17,0.256071863595702,1.092924820236428,0.23429961407620611,0.8147523855081213
diag_2V18,1.389981656364344,1.1459220762448146,1.2129809567150607,0.2251371013820945
diag_2V23,-15.841843564869809,2199.628875958536,-0.00720205291811619,0.994253642847435
diag_2V25,-2.181471045906843,4317.987222878974,-5.052055351966442e-4,0.9995969043205817
diag_2V42,-0.44979738271200514,0.30162693299033616,-1.4912374642831256,0.13589916082618136
diag_2V43,-1.0621347724727235,0.4378918038231065,-2.425564404721743,0.015284603460364414
diag_2V44,0.36308416338348204,0.8380846100738539,0.4332309160903053,0.6648470208707788
diag_2V45,-0.43546312973831397,0.2790367699965561,-1.5605940741920448,0.11861955783143063
diag_2V46,-15.739048218191009,1182.7389003434707,-0.013307288881443186,0.989382633017136
diag_2V49,-0.06534610796832917,0.4661401053637894,-0.14018555197547558,0.8885133870313607
diag_2V50,-0.12607952052431254,4188.557994874376,-3.010093704769007e-5,0.9999759829270676
diag_2V53,-15.45415586626091,2779.996661819716,-0.0055590555479822085,0.9955645382505499
diag_2V54,-0.6909709083644581,0.47272995186386896,-1.4616609454089244,0.14383414443493295
diag_2V55,-15.451517061456089,2794.4601167465175,-0.0055293389119633225,0.995588248331223
diag_2V57,-15.268065467424481,1247.8464716744681,-0.012235532025775953,0.9902377014867934
diag_2V58,-0.3577791986581756,0.33926409212250813,-1.054574318254057,0.2916200544886369
diag_2V60,-16.356528795579504,3956.1803515160345,-0.0041344244554754874,0.9967012159571149
diag_2V61,1.4376800912553493,1.6582541209241646,0.8669841812026454,0.3859506771044699
diag_2V62,-0.33103474622520457,0.4713972552705334,-0.7022415648882486,0.48252852840501564
diag_2V63,0.043046454502002784,0.5532816751204881,0.07780206075436813,0.9379855071752934
diag_2V64,-0.09960715635320694,0.6663899379971266,-0.14947277963497166,0.8811805867618512
diag_2V65,-0.7886602129157699,1.0778528365963655,-0.7316956324076619,0.4643543628244658
diag_2V66,-16.172136256686922,1755.4440777440013,-0.00921256134656847,0.9926495435100541
diag_2V69,-16.465766275944343,3956.180496630044,-0.00416203615835279,0.9966791851952438
diag_2V70,-15.812199955524255,1487.8973434609939,-0.010627211631915103,0.9915208715169191
diag_2V72,-15.046806697206444,1059.5698351388855,-0.014200863594077448,0.9886697310083872
diag_2V85,0.11046070888037542,0.3239501406361964,0.34098058628233585,0.7331181967813069
diag_2V86,-15.65245931348811,2460.1290663289196,-0.0063624545263575106,0.9949235300145832
diag_311,1.99343317175104,1.4283511509668452,1.3956184166629426,0.16282943354042176
diag_3110,-5.988220965920702e-4,0.7826733264895825,-7.650983830992234e-4,0.9993895398721879
diag_3111,18.796930796687622,3956.1803417743567,0.0047512825940227875,0.9962090392375148
diag_3112,0.11941897827545558,0.273365494043109,0.4368473010592315,0.6622220925427184
diag_3115,-13.243047722236746,3956.180472165076,-0.003347432660216661,0.9973291401500535
diag_3117,2.3113521146980154,0.8712699855360142,2.6528540556530795,0.007981437254696614
diag_3122,-14.799339421697198,3956.180333534019,-0.0037408151737302344,0.9970152682893043
diag_3123,-16.997047723213146,3956.180380907602,-0.0042963277926457415,0.9965720369319071
diag_3131,1.172798928127445,1.110268613241753,1.0563199879199652,0.29082204711379533
diag_3132,-16.60188591990786,2088.470551839571,-0.00794930333362113,0.9936574404002636
diag_3135,-0.36469242290085624,0.5067983993034317,-0.7196005816160966,0.4717709538226375
diag_3136,-13.312503404498859,2291.1821740609894,-0.005810320783398558,0.9953640608383801
diag_3138,1.386438751826416,0.5150412820257116,2.691898300604966,0.007104660642965777
diag_3139,-15.469453772410285,2687.7611160364218,-0.005755516619431836,0.9954077875035084
diag_314,NA,NA,NA,NA
diag_3141,1.0156378058797026,1.4333253018951635,0.7085884861844074,0.4785798833932634
diag_3146,-16.044320954127496,3956.180360532749,-0.004055507962727697,0.9967641816803243
diag_3148,-16.24518638856286,3956.18035578796,-0.004106280535162122,0.9967236713659957
diag_3150,1.2713541429494515,0.6831881974830479,1.8609135047023375,0.06275639235307175
diag_3151,-15.58012933183717,1200.8963271486057,-0.012973750505866272,0.9896487351608568
diag_3152,1.314383005275854,1.3400545504372532,0.9808429103479238,0.32667021396064677
diag_3153,0.020084454091520015,0.4501817514226689,0.0446141009226805,0.9644149029407252
diag_3154,0.7217977158867059,0.7894698505283632,0.9142815465386465,0.36056892449627537
diag_3155,0.8685018268930993,0.7058435112544281,1.2304452942403539,0.21853040080735361
diag_3156,3.487374564968764,1.2149891144406897,2.8702928474994187,0.004100918030336657
diag_3157,0.7208528691646637,0.4748458347028937,1.51807769276463,0.12899481394219514
diag_3158,18.240649232755985,3956.1803385541893,0.0046106718278222224,0.9963212291677223
diag_3161,-15.036726107863405,2263.8425147062744,-0.006642125505719803,0.9947003895759863
diag_3162,0.6268192189282121,0.2484423732413673,2.522996422672405,0.011635958472304574
diag_3163,-15.543155901703553,1657.080781044255,-0.009379841996543226,0.9925160786293734
diag_3164,-14.939786887321224,3956.1803315898637,-0.003776315950015705,0.9969869429680851
diag_317,-15.86018030644851,3956.180338832625,-0.004008962925873211,0.996801318944702
diag_3170,-15.777376267934413,1817.2139103742393,-0.008682178899172745,0.9930727105324437
diag_3171,-15.862517499740193,1863.305174972077,-0.008513107628747879,0.9932076049028781
diag_3172,-15.984153832226982,1599.4398098038896,-0.00999359509138817,0.9920263974930826
diag_3173,-15.320821551322485,2351.114413911535,-0.0065164083298835836,0.9948006951985718
diag_3174,0.9100914119137056,0.4147621248783264,2.1942490823642293,0.0282175077566879
diag_3175,-14.659108784680997,3956.1803375181325,-0.0037053692031332507,0.9970435498859727
diag_3179,0.8790135493686515,1.15305191742732,0.7623364881348096,0.445859201764708
diag_3180,-15.45336905926605,1929.275983519065,-0.008009931804095016,0.993609067419817
diag_3182,-15.062560901768057,1753.5341151347902,-0.008589830543793116,0.9931463911117692
diag_3183,0.4463946909317365,0.7859387002517798,0.5679764729599541,0.5700509433966418
diag_3185,0.3475176847632057,0.46363755296618475,0.7495460247771427,0.4535281691622231
diag_3186,-16.33189337156936,3956.1803447785865,-0.004128197389465418,0.9967061843945433
diag_3188,0.6586295556504589,0.7832772359556522,0.8408639054177101,0.4004241812175629
diag_3189,0.16048032746344487,0.6362096290071878,0.25224441779335566,0.8008521473483319
diag_3191,-15.145999826913023,1749.3418294925677,-0.008658113338149828,0.9930919113503405
diag_3192,2.0570409457537497,1.4279250515100532,1.4405804727484797,0.14970324038634708
diag_3193,-14.596165777882186,3956.1803315780858,-0.0036894591637737363,0.997056244173968
diag_3195,-14.78751426707934,3956.1803411795518,-0.0037378261332420403,0.997017653181888
diag_3196,0.5196188111115865,0.3162641628066518,1.642989855380028,0.10038503220820072
diag_3197,0.4870653132478816,0.20461902613001978,2.3803520252236403,0.01729610613897669
diag_3198,-0.024656935461615664,0.2589460622958209,-0.0952203530071351,0.9241398040762242
diag_3199,0.9831307592360469,0.40484795528589324,2.4283950218836727,0.015165814905727557
diag_3200,0.804668867922102,0.8426989533614362,0.9548710897436905,0.3396428913996787
diag_3201,-0.056356429475004376,1.0647662989896687,-0.05292844967809335,0.9577889165952098
diag_3202,0.15038684164103902,0.316660510591485,0.47491504816983304,0.634847525174385
diag_3203,-0.2982155749989992,0.49227988800330025,-0.6057845999123977,0.5446577973296374
diag_3204,0.18027763370135116,0.4282714668096883,0.4209424341161197,0.6737971180286559
diag_3205,-0.6569095839785143,1.0516702022339988,-0.6246345884699228,0.5322109130835857
diag_3208,-0.1798669842532153,1.0866803856952005,-0.16551967498534165,0.8685349650162629
diag_3211,0.6004835295328257,0.3438225986135604,1.746492324687882,0.08072543962109462
diag_3214,-14.394224065246771,2257.688932358223,-0.006375645403997962,0.9949130054304365
diag_3215,20.19776022170357,3956.180359431599,0.005105368913111299,0.9959265226627564
diag_3216,-15.518954319340706,2430.3289147738083,-0.006385536634569096,0.9949051135309254
diag_3217,-15.101018859514152,3956.1803805388154,-0.0038170703575091934,0.9969544258899293
diag_3218,0.9193813946351779,0.6138311624107309,1.4977756929518595,0.1341915381236844
diag_3220,-14.823745018706868,1645.5421112006886,-0.009008426413281246,0.9928124128620538
diag_3223,2.987872649859222,1.5054847000469826,1.98465826306038,0.04718250534932463
diag_3225,0.45149592055501797,1.1336171799068848,0.3982790033158317,0.6904245359354741
diag_3226,-0.2518938245924228,4119.440200861124,-6.114758615497493e-5,0.999951211285107
diag_3227,-14.621703561312703,1572.632398939441,-0.009297597818265321,0.9925816971280064
diag_3228,-14.47850993488881,1444.76083090152,-0.010021388748374587,0.9920042224737263
diag_3230,-15.363629358731128,3956.180341416853,-0.0038834502052120428,0.9969014628268855
diag_3233,1.4790164042150913,1.2181219294833583,1.2141776356020337,0.22467989873291946
diag_3235,-15.315654030856095,1906.9539795592937,-0.008031475428890851,0.9935918786471093
diag_3236,20.088889631804545,3956.180333288682,0.005077849829738451,0.9959484794298955
diag_3238,0.8877180194055303,0.46204041778882915,1.9212994907541894,0.054693961318174306
diag_3239,-15.056263216124872,1585.5898492065496,-0.009495685926382051,0.9924236526626903
diag_3240,-14.733682333513517,1755.4535957671633,-0.008393091317845202,0.9933033606431653
diag_3241,0.5303813171394632,1.088555982464656,0.48723384528060687,0.6260926229975705
diag_3242,-0.010691690525758966,0.43054532234130216,-0.024832903694360527,0.9801882457926234
diag_3243,-14.71831741942879,3956.180465564265,-0.0037203351938925096,0.9970316088353144
diag_3244,0.09910691351164179,0.20364427687016698,0.4866668243018055,0.6264944592307842
diag_3245,-15.107177754496002,2170.15276789481,-0.006961342988379086,0.9944456967676852
diag_3246,-14.587695473474053,1591.2699171433671,-0.009167329386620812,0.9926856318685929
diag_3250,0.1566365024132748,0.13393772825912856,1.1694725933400263,0.24221327705455725
diag_3250.01,0.3418624967633027,0.1681091305082845,2.033574831597,0.04199448157867557
diag_3250.02,0.4099939655436209,0.155598369105598,2.6349502755094782,0.008414960956661569
diag_3250.03,0.307581847317495,0.3098617460602692,0.9926422064944707,0.32088434859476034
diag_3250.1,-0.32766092142471936,1.0428039920131438,-0.3142114183818635,0.753360470935343
diag_3250.11,0.7340743784703484,0.6717257740763845,1.0928185381597015,0.27447348055172954
diag_3250.12,0.662229531425767,0.4728794364905201,1.4004193887992058,0.16138776728911836
diag_3250.13,-0.04279809791505522,1.0656738497419078,-0.04016059690816318,0.9679650913818351
diag_3250.2,-14.954833698683839,1384.9589861659176,-0.010798033622702713,0.9913845831084623
diag_3250.21,-15.937830599797545,1906.6939118692162,-0.008358882619063375,0.9933306542783285
diag_3250.22,-0.2841372400949136,1.0604263875710136,-0.26794621807342167,0.788740717095908
diag_3250.23,-15.53422140160267,2779.756742908711,-0.005588338418903449,0.9955411742628635
diag_3250.3,-15.474323748314845,2787.626155552845,-0.005551075676876752,0.9955709051682637
diag_3250.31,-15.575585440894287,3956.1803339792255,-0.003937026153008544,0.9968587157321154
diag_3250.4,0.42001549582232267,0.1932497356999018,2.1734337400314288,0.029747687737203245
diag_3250.41,0.34979729064184895,0.24387757991921663,1.434315080368264,0.15148236873588072
diag_3250.42,0.9549006292258513,0.2543289310389275,3.754589087938621,1.7362608326386398e-4
diag_3250.43,0.28192169648166426,0.41696750082224054,0.6761239087596222,0.4989619780180873
diag_3250.5,0.30266072265422067,0.33245827968524805,0.9103720410896731,0.3626263374247517
diag_3250.51,0.46413433452726144,0.2862852300146618,1.6212304578321812,0.10496822294479347
diag_3250.52,0.3003577068039331,0.3895185867582531,0.7710998063112815,0.44064777541192995
diag_3250.53,0.7053884101798155,0.45173721052800886,1.5615016734072642,0.11840542932058497
diag_3250.6,0.636618081090604,0.155929381087014,4.082733328719807,4.450908704018218e-5
diag_3250.7,0.5912932921046042,0.2618182511926775,2.2584112811503703,0.023920030054376224
diag_3250.8,0.48396172109762164,0.21275525115081248,2.274734552871568,0.022921858393087306
diag_3250.81,0.7818931401952645,0.38687131126506397,2.0210677748072983,0.04327274967570735
diag_3250.82,0.2948166865676559,0.3040757758247951,0.9695500595796418,0.3322708162576359
diag_3250.83,0.9899503439134562,0.5934714126579491,1.668067446551162,0.09530233855441131
diag_3250.9,0.8846255301534526,1.1241601639637564,0.7869212577630295,0.4313279625583791
diag_3250.91,3.1441119837691436,1.144894946131293,2.7462012950562773,0.006028975943436225
diag_3250.92,0.30933417835092564,0.2886980694026375,1.0714798993667938,0.28395370397257114
diag_3250.93,0.14364269364777332,0.868861955649724,0.16532280267739324,0.8686899118249449
diag_3251,0.5844787299522833,1.0998646960118799,0.5314096652721093,0.5951349252348426
diag_3252,0.770678940521544,0.6352109104250917,1.2132646462350516,0.22502865503174374
diag_3253,-0.32971744654684815,0.6238614324702897,-0.5285107066825298,0.5971449178773753
diag_3255,0.9543827427458491,0.3326205542925883,2.869283724139099,0.004114025782514947
diag_3256,1.4218106061683797,1.266592278120891,1.1225479822739564,0.26162951825216857
diag_3258,-15.68769403034517,2459.4730691288205,-0.0063784776614374435,0.9949107456619026
diag_3259,-14.547303707465806,1951.9147096629595,-0.007452837788172473,0.994053550843746
diag_3260,-15.530533603877222,1292.4869930624589,-0.012016007655967735,0.9904128437154014
diag_3261,1.2204760457634525,0.633164285945452,1.927581944930795,0.05390714641277177
diag_3262,0.11996635792902235,1.0850788912516574,0.11056003291211303,0.9119652422351696
diag_3263,0.46184750179451733,0.22344163917268084,2.066971507658834,0.0387368388183888
diag_3265,-15.252577897982237,3956.1803391948315,-0.0038553798336418777,0.9969238595753098
diag_3266,0.3194576268565418,0.7774148630412384,0.4109229731045108,0.6811290165113013
diag_3268,-15.076387385692081,2280.2234102837438,-0.006611802737266005,0.99472458311352
diag_327,-15.000438393280039,3956.1803327607736,-0.003791646773293613,0.9969747108284607
diag_3270,-14.883147036101121,1444.6635800813442,-0.010302154246363089,0.9917802155843645
diag_3271,-14.186756774658894,2719.366990927153,-0.005216933507684447,0.9958375081808291
diag_3272,0.04475298665846299,0.1574016887057619,0.28432342134601724,0.7761625388389405
diag_3273,1.8866151592165772,0.6439462520829325,2.9297711619782887,0.0033921170842956634
diag_3274,-0.41741850793046004,0.5423253780813266,-0.7696827860190314,0.44148808367041215
diag_3275,0.037345996683214165,0.40631804341329797,0.09191321254032182,0.9267669938108092
diag_3276,0.21907972490686617,0.13865699031920137,1.5800121176907427,0.11410409143455782
diag_3277,0.28822634111275197,0.57642935453556,0.5000202346478023,0.6170608296882686
diag_3278,0.12633654959714186,0.19689504608550287,0.6416441251766154,0.5211042759274291
diag_3279,0.9850699036263543,0.8403823825282066,1.1721686747678712,0.24112934233769984
diag_3280,0.4668453391971918,0.2037717750191624,2.2910206241923854,0.021962220854538073
diag_3281,0.32832567279416147,0.5548468732752717,0.591741052546712,0.5540240018122597
diag_3282,0.43459006737417405,0.5033195364282604,0.8634476429390843,0.3878913942863484
diag_3283,0.8329346304015869,0.7204099275775423,1.156195380597296,0.24760124889243035
diag_3284,0.4446837758116104,0.2754531065595863,1.6143719755631651,0.10644676662346757
diag_3285,0.13860033835703786,0.16311111616863272,0.8497295684847479,0.3954754552732598
diag_3286,0.45578154059367637,0.2931554676602619,1.5547434411896488,0.12000718409495276
diag_3287,0.06490251397298562,0.21960847347082318,0.2955373849980723,0.7675833978970996
diag_3288,-0.15059682303172872,0.3836976528300265,-0.3924882571498068,0.6946974861945328
diag_3289,-0.1381862826591739,0.6294692391217251,-0.21952825344091484,0.8262385735224048
diag_3290,-0.4125503990526811,0.4856476712449083,-0.8494849733246947,0.39561148818099956
diag_3291,0.3051847154491302,0.5084466801052705,0.6002295371187077,0.5483532712045667
diag_3292,0.43473651218673726,0.4021231342903496,1.0811029635336509,0.27965131531487347
diag_3293,-0.15541377467154602,0.40704417122353703,-0.3818105887731708,0.7026018640422312
diag_3294,0.3831074967367177,0.2250459956061177,1.7023519823353976,0.08868940565535068
diag_3295,0.28528897263103253,0.22523019579037457,1.2666550842789999,0.20527864690969888
diag_3296,0.36429493782993383,0.25671113123529704,1.419085086326184,0.1558742113394731
diag_3297,0.7515265256438252,1.1358207829116613,0.66165942457691,0.5081895142037529
diag_3298,0.7159316314119467,0.47517789376031705,1.5066602230723036,0.1318977722358912
diag_3299,-14.769005542679459,1967.7312589573162,-0.007505600917528457,0.9940114531349206
diag_33,-15.271950593040188,2794.1597790933424,-0.005465668322659658,0.9956390493437233
diag_3300,0.29350728178393554,0.24439841426359768,1.20093775022358,0.22977534930190052
diag_3301,0.20228626448460807,0.3720910818686747,0.5436471722695109,0.5866842918986297
diag_3303,0.24105521741305283,0.26874955167574033,0.896951142467013,0.3697449883129031
diag_3304,0.49143339382462026,0.2622776635510402,1.8737142430315477,0.06096982173661346
diag_3305,0.08276694026636089,0.17750129708893295,0.46628921379032184,0.6410084983541209
diag_3306,1.2724515539842849,1.330915578624182,0.9560723267659594,0.3390356947513499
diag_3307,-15.215366652443581,913.9374950577567,-0.01664814796933355,0.9867173133455527
diag_3308,-15.132080441258992,3956.180335014541,-0.0038249218083743833,0.9969481613842351
diag_3309,0.4961766908253713,0.47344360570559835,1.0480164582345401,0.2946310241467235
diag_3310,1.4755804106795944,0.7006814677485194,2.105921846942858,0.0352111416100855
diag_3311,0.18954209895234067,0.27080470014178565,0.6999217474922032,0.48397617509128227
diag_3312,0.7304973716898768,0.65897505508572,1.1085356965368791,0.26763053160265315
diag_3313,1.4356921645416982,1.2861652266348427,1.116257954118447,0.26431173368980265
diag_3314,1.7328751007153116,1.3171858382965846,1.3155889247612211,0.1883120528393748
diag_3315,-13.948002878256046,3956.1803883217544,-0.0035256235836538556,0.9971869652030819
diag_3317,-14.673038244127689,1152.4720036815527,-0.012731795824327976,0.9898417711203712
diag_3318,0.7450670144449936,1.085974858967064,0.686081273698796,0.4926618589370025
diag_3319,0.5688873713252895,0.6499732824221414,0.8752473166363344,0.38143935281148567
diag_3323,-15.10757663708129,1953.862488860612,-0.007732159618812898,0.9938306906919021
diag_3327,-0.48428768932533556,0.5349153373394337,-0.9053539046647823,0.3652779275540519
diag_3331,0.5980802296740952,0.24792066474645202,2.4123855519899915,0.01584851226280614
diag_3332,0.3912578758558487,0.33801905621283046,1.1575024208383593,0.24706715081701763
diag_3333,-0.10106352800431956,0.7511236017473051,-0.13454979682334572,0.8929678368663918
diag_3334,0.5147088140201221,1.3328234525141684,0.38617928957447617,0.699363890843355
diag_3335,-15.264553527747983,1953.7757122684227,-0.007812848441045028,0.9937663122710693
diag_3336,1.2889383334378648,1.257974377251247,1.0246141390051806,0.30554529041297246
diag_3337,-0.166528961274629,0.3608305415636069,-0.46151570361255967,0.6444286574773179
diag_3338,0.051670991715213596,0.6006990345024027,0.08601810348840659,0.9314520260616709
diag_334,-14.217137817071654,1546.6764628495007,-0.009192056747846853,0.9926659031200983
diag_3340,0.304962276116048,0.439980853222755,0.6931262437496357,0.4882303294328312
diag_3341,2.6873106475876676,1.4825571078906719,1.8126186392988768,0.06989066094373875
diag_3342,0.7643725411124871,0.24529350602411135,3.116154820003072,0.001832260490300686
diag_3343,0.8062410952930527,0.7091539401599591,1.1369056133442539,0.2555777452685193
diag_3344,-0.6928240803086269,0.6212353763964782,-1.1152360387578122,0.2647492862901483
diag_3345,0.4859248536087281,0.5118098034181109,0.949424669796259,0.3424046682028672
diag_3346,0.6530393273875044,0.5266000896323976,1.2401048542231923,0.2149366137605284
diag_3347,1.7933972959397093,1.190997991995599,1.5057937192108517,0.13212013617574248
diag_3348,-0.41481836849110043,0.4907542595998096,-0.8452669750220164,0.3979617955083298
diag_3349,0.47094692968383434,0.7801245999781602,0.6036816807174374,0.5460552959198641
diag_335,-15.000300030999599,1975.6415736648585,-0.007592622179525061,0.9939420221919649
diag_3350,-14.96286351712142,2795.155526956424,-0.005353141667009174,0.9957288313113037
diag_3351,-15.114105423442595,1189.1023020529788,-0.01271051733509234,0.9898587475247264
diag_3353,-14.229856861042961,2126.5201618096003,-0.006691616245450413,0.9946609025564094
diag_3354,-14.753399491396047,1305.349959053659,-0.011302256064796476,0.9909822963724685
diag_3355,-15.138069857475585,903.6613686252039,-0.016751927639117814,0.9866345206952222
diag_3356,-0.9633207199206297,1.0382812623808375,-0.9278032406283447,0.353509642742991
diag_3357,0.3218765291981236,0.21549178794454196,1.493683505382397,0.13525836177010783
diag_3358,-15.298117616191192,932.6283297206318,-0.016403230664002812,0.9869127023996198
diag_3359,-15.156482828849205,1464.795129988115,-0.010347169046754123,0.9917443008844079
diag_3360,-14.680963854266064,3956.1803357299077,-0.00371089349028814,0.997039142172846
diag_3361,0.44257242207946795,4193.086945434075,1.0554811475144649e-4,0.9999157847889744
diag_3362,-0.07995759493758423,0.509641614980092,-0.1568898468793754,0.8753316617801782
diag_3365,0.5195965004167246,0.7014420298356137,0.7407547285675119,0.45884216911339076
diag_3365.44,20.129598628985242,3956.1803626422916,0.005088139767101239,0.995940269353804
diag_3366,-14.691936219072721,1492.8548960164205,-0.009841503188472725,0.9921477433063258
diag_3368,-0.6620742256353447,0.7734186529873512,-0.8560360201788054,0.39197785585383155
diag_3369,-0.6669524506430721,1.0415408712842724,-0.6403516837708789,0.5219439868735734
diag_3370,1.1703598845204928,4269.95667706905,2.7409174683332903e-4,0.9997813064296964
diag_3372,0.2012479236457892,1.1227822778561638,0.17924038134094103,0.8577489573901615
diag_3373,-15.087216969926477,2262.804084889565,-0.006667487066456662,0.9946801544263134
diag_3374,0.4455067500631051,2934.3500425943666,1.5182467790012409e-4,0.99987886143402
diag_3376,-15.075375033665143,2704.5919842774574,-0.005573992351268685,0.9955526205904628
diag_3377,-15.753052923763471,2607.5543961020267,-0.006041313250190427,0.9951797587518154
diag_3378,0.041049079171358506,1.0844153760742217,0.037853649143157246,0.9698043691644079
diag_3379,1.4591184520093614,1.2106838914058842,1.2052018387020804,0.22812539274588306
diag_338,0.03820727249245411,0.2907424211426998,0.13141278917018281,0.8954487721046238
diag_3380,0.30201187007791624,1.11999171284645,0.26965545067325136,0.7874253364505424
diag_3381,1.2482227712959102,4687.006320898654,2.6631557242205397e-4,0.9997875109189748
diag_3382,0.4788696477581796,1.1218670758240659,0.4268506118752318,0.6694881399329438
diag_3383,1.0317202130450018,1.1661608256078546,0.884715204274868,0.3763102532519973
diag_3384,-15.298918594904013,2778.833173277265,-0.0055055189142070625,0.9956072536503883
diag_3385,1.6205687988298512,5594.883937409127,2.896519064487158e-4,0.9997688912190691
diag_3386,-14.917812525940354,852.4888208692524,-0.017499129795894793,0.9860384270630886
diag_3387,-15.844553505087005,3956.1803322641877,-0.004005012960574247,0.9968044705357287
diag_3388,-14.97780073596585,1598.3028927928824,-0.00937106527398794,0.992523081133031
diag_3389,-0.7284939957231137,1.3956319651624436,-0.5219814491984075,0.6016832468124895
diag_3391,20.019688501020802,3956.18033706675,0.005060357919847531,0.9959624357754253
diag_3394,0.790383786491666,0.6608432530609054,1.1960230853999831,0.23168755040253422
diag_3395,-15.352086266297363,3956.180331529694,-0.003880532478245585,0.9969037908186433
diag_3396,0.5504973016747067,0.23638622808487245,2.328804457580563,0.019869427162478037
diag_3397,-0.11077492600471395,0.3428082985085907,-0.32313956951056116,0.7465895442337737
diag_3398,0.33136140967334493,0.5738044657566276,0.5774814060333368,0.5636142958746861
diag_3401,0.11821194002443577,0.13403891919911498,0.8819225097513044,0.377818713433515
diag_3402,-0.08749310155270193,0.24193432610621013,-0.3616398836860054,0.7176211562284824
diag_3403,0.4527027619664202,0.14545829104119232,3.112251345220461,0.0018566634922431507
diag_3404,0.47252759409771705,0.2925190246818312,1.6153738876015964,0.10622975152836195
diag_3405,0.09177625779766678,1.1062494352448737,0.08296163132264257,0.9338820481712653
diag_341,-0.05711226140877138,0.19336437923435904,-0.2953608189621673,0.7677182607702466
diag_3410,0.024909800225768622,0.27844918957181625,0.08945905091005485,0.9287170956946713
diag_3411,0.08670871000392845,0.21907572362606706,0.3957933292140055,0.6922574983485097
diag_3412,0.29238871394950566,0.22552613515612724,1.2964737490273168,0.19481231836000218
diag_3413,-0.3498556376935038,0.2618878871738308,-1.3358985078270667,0.18158244875384044
diag_3414,0.10330190466200387,0.14320207972713314,0.7213715391483297,0.4706809525302887
diag_3415,0.22320991073293148,0.5564097294828954,0.4011610489636364,0.6883015561875739
diag_3416,0.23084618106624286,0.28028973749818836,0.8235984061590372,0.4101677818952192
diag_3417,-15.039410042339483,2230.912648243838,-0.00674137109499936,0.9946212048255513
diag_342,1.640382486226626,0.48344215928128437,3.3931308114818166,6.909863222674472e-4
diag_3420,1.4280129157628432,0.7513288503551574,1.9006496490688642,0.05734791772664555
diag_3421,-15.595849899119832,1575.090991996542,-0.009901554880553892,0.9920998313228698
diag_3423,-0.10402651549102908,0.7624177589576534,-0.1364429333771683,0.8914711350859797
diag_3424,0.10733523077464184,0.16797917885511607,0.6389793753380572,0.5228363491542916
diag_3425,0.18707240612781917,0.16302853122452998,1.1474826198990586,0.2511822121748483
diag_3426,0.12476342432336575,0.25036938303986445,0.49831741728380824,0.6182603334633118
diag_3427,0.2083936017583795,0.1416460399172975,1.4712278711078244,0.14122950215890723
diag_3428,0.23320320858534624,0.14023415797924427,1.662955815799615,0.0963212802798351
diag_3429,-0.13797726375692485,0.4792131555071697,-0.2879246159486131,0.7734044436330358
diag_3430,-15.809746255991932,2781.3614897989996,-0.005684175291121347,0.9954647087167595
diag_3431,-15.45379852633544,1468.7771068880227,-0.010521540983899345,0.991605179781763
diag_3432,0.09627023623562425,1.086253244750106,0.08862595964698024,0.9293791764467383
diag_3433,0.2429397708225041,0.2950625970817207,0.8233499373531893,0.4103090233821399
diag_3434,0.3015506806937082,0.43395404892830675,0.6948908103021921,0.4871237322084359
diag_3435,0.2155596822413762,0.46308826604682746,0.46548292851708495,0.6415856593947267
diag_3436,0.3102837746996552,1.1095420724972753,0.279650301138461,0.7797458113857201
diag_3437,-0.11410963403177461,0.4130158744964853,-0.27628389385973995,0.7823300255006037
diag_3438,0.47338402413697883,0.2164207576023411,2.187331887114039,0.02871830454371952
diag_3440,0.326790968122377,0.2371271081705304,1.378125726086807,0.16816447396246711
diag_3441,0.3956170445381216,0.4615247659892483,0.8571956993253487,0.39133673888760856
diag_3442,-0.12636775447868137,0.7768098182424572,-0.16267527972881463,0.8707741116129677
diag_3443,0.22615485148575962,0.2596422852027147,0.871024730464031,0.383740650072314
diag_3444,0.6906486888897323,0.4242949609652728,1.627756048100368,0.1035766234481267
diag_3445,-15.255652147858807,2198.316301039267,-0.006939698414030142,0.9944629662222366
diag_3446,0.43733787993926637,0.6342038486294833,0.6895856606426388,0.49045478741281934
diag_3447,0.8673821380677846,0.43452527488110254,1.9961603805558217,0.045916468427017625
diag_3448,-14.656488722009348,3956.1803355190864,-0.0037047069342167095,0.9970440782964894
diag_3451,0.5894404155130517,1.0831423384125654,0.5441947882647865,0.5863074378683302
diag_3452,2.0898306297557223,1.064831602849946,1.9625926054058118,0.049693530636715035
diag_3453,0.6911970850117896,0.23078899256556368,2.9949308991217634,0.0027450702198481233
diag_3454,-15.266175698869787,1068.1174320541415,-0.014292600458276168,0.9885965430086503
diag_3455,0.12210441859373676,0.45749889880571304,0.2668955464428147,0.7895495857333207
diag_3456,-0.02201487021117313,0.5595154123033652,-0.03934631598537062,0.9686142803688619
diag_3457,0.5793160688434168,0.6604035771532721,0.8772152194278078,0.3803697510483835
diag_3458,-0.06543062233781508,0.2541916193085362,-0.2574066860103511,0.7968648420537354
diag_3459,0.39377568991356526,0.3330674026612932,1.182270275527408,0.23709847592393896
diag_3460,-14.454712911265508,2331.320648493366,-0.006200225147324533,0.9950529677777568
diag_3461,0.0034473722317057546,0.7783040385236424,0.004429338743050907,0.9964659105582655
diag_3462,-0.08644170693392744,1.0683215510593362,-0.08091356656449808,0.9355106907849705
diag_3463,-16.06012249613567,3956.1804008006206,-0.004059502062364382,0.9967609948761228
diag_3464,-14.834951528057283,1618.9936069898583,-0.009163069862665747,0.992689030334253
diag_3465,-0.26707633696059946,0.5019718443789504,-0.5320544168986842,0.594688306932208
diag_3466,-0.36882285002003545,0.3924980258885773,-0.9396807772091501,0.3473813282088124
diag_347,-15.151552359549823,3956.1803358452385,-0.0038298437061294105,0.9969442343067704
diag_3470,-12.530018849514075,2772.22131356659,-0.004519847960260297,0.9963936953742177
diag_3472,-14.50719237864319,1972.4985007149862,-0.007354729229646897,0.9941318280023946
diag_3473,-0.5739295488523832,0.7391875653170988,-0.7764329052345155,0.43749342221572796
diag_3475,-15.572702133661691,3956.1803593567824,-0.003936297316888148,0.9968592972546972
diag_3477,0.7801364925436153,0.7984566746526668,0.9770555088452095,0.32854167234123766
diag_3478,-0.77263701386168,1.0322798486050966,-0.7484763118312657,0.4541729080295009
diag_3480,-15.232464483409354,2796.5806638355866,-0.005446817494088518,0.9956540899049134
diag_3481,-15.116009222333298,1765.1898977259548,-0.008563389832338624,0.9931674869713133
diag_3482,0.2791050752998487,0.4394279160967421,0.6351555399097639,0.5253269768624247
diag_3483,-14.434746185244625,2489.9900835821736,-0.005797109908356892,0.9953746014140893
diag_3484,0.4177216870145618,4188.940332291072,9.972013298792819e-5,0.9999204348456195
diag_3485,-14.955917558097896,3956.1803324741236,-0.003780393283726967,0.9969836897496891
diag_3486,0.31392935041003295,0.18466132733665835,1.700027585297838,0.08912573689512628
diag_3487,0.5343900913631432,0.7716061434524148,0.6925684766740056,0.4885803988103725
diag_349,20.545390075591634,3956.1803344269347,0.0051932390181520125,0.9958564133921022
diag_3490,-1.1852650974871268,0.7569381475931194,-1.5658678337932679,0.11737956162827098
diag_3491,0.26533926442866,0.18954572017732382,1.3998694572498382,0.16155241371012027
diag_3492,-0.01330780549349315,0.31054365144587925,-0.04285325245430883,0.9658185136272608
diag_3493,0.30167040671271894,0.18168936594042961,1.6603635834781185,0.09684133151994974
diag_3494,0.6254139602079636,0.8157352165191388,0.7666874588015168,0.4432673618823817
diag_3495,-15.28430726130024,1972.0108562982691,-0.007750620242522878,0.993815961686616
diag_3496,0.35250547731018844,0.14474896449924612,2.435288421783662,0.014879923798864658
diag_35,-14.79427048076779,2273.754613911029,-0.006506537860442438,0.9948085705267908
diag_3500,-14.735706112941084,1903.0565882657697,-0.0077431781082083,0.9938218994725059
diag_3501,-0.10647818836120755,1.057165411414114,-0.10072046172866868,0.9197723678622389
diag_3506,2.3440958064572115,1.0200073037176451,2.298116687903733,0.021555148705728933
diag_3507,0.35952661456702883,0.35684364260213597,1.0075186206074134,0.3136856141044942
diag_3508,-15.360857669733717,1713.044039319473,-0.008966995195194163,0.9928454688561572
diag_3510,-14.991572906226056,1752.644555697964,-0.008553686974057263,0.9931752284486003
diag_3511,0.6529217677647441,0.1952720039977102,3.3436527223451877,8.268316961288892e-4
diag_3512,0.4965974514650107,0.5221047565452094,0.951145235203407,0.3415306544327649
diag_3514,-0.407834640520459,1.0787813070737224,-0.3780512675240378,0.7053925092062302
diag_3515,0.13604289980246198,0.30026722166008946,0.4530727631551678,0.6504963472421186
diag_3516,-15.144759515881617,1076.1495578697534,-0.01407309923154249,0.9887716620344223
diag_3517,0.0575134136790089,0.6246116483673201,0.09207867613315233,0.9266355304474644
diag_3518,0.3026484593390758,0.17053610242905518,1.7746884972053396,0.0759493356670624
diag_3519,0.1388234217267628,0.6257237039195338,0.2218605765726514,0.8244224210405553
diag_3521,0.9962930931063448,0.7520851125959328,1.324707903959822,0.18526805061465412
diag_3522,1.4409529882652405,0.7124539669573786,2.022520829547775,0.04312257394359351
diag_3523,2.053972596598351,1.434559410647707,1.4317793890954835,0.15220696767286676
diag_3524,20.132235680330982,3956.1803339909216,0.00508880636895082,0.9959397374893657
diag_3525,-14.385808077716533,2346.352253026805,-0.006131137410914655,0.9951080907681906
diag_3527,-14.859288214061236,1604.9065415025643,-0.009258662626017773,0.9926127615796704
diag_3528,2.0863387292174402,1.2713797007950256,1.6410036497458629,0.10079665757819903
diag_3529,-14.319943585575915,2153.0625087873855,-0.006650965091413427,0.9946933367628237
diag_353,0.2649160264453224,0.5975934887350732,0.44330474049519925,0.6575453274031164
diag_3530,0.142662496550095,0.1938432593639152,0.7359683128432387,0.46174998194360944
diag_3531,0.034395130443968296,0.5136098457073004,0.06696742815862926,0.9466076335335601
diag_3532,0.6240399447898932,0.5813691033354068,1.073397160615652,0.28309295794781797
diag_3533,-0.17087516872438055,0.7870514934616882,-0.2171079912101054,0.8281241864108037
diag_3534,2.1290419017095172,1.2581920273704144,1.6921438503780337,0.09061854934723816
diag_3535,0.12278329035123031,0.24291345292488437,0.5054610556674205,0.6132350448996688
diag_3536,0.5321791334879267,0.2111657337318084,2.5201964546190156,0.011728935215121337
diag_3537,-15.493683475035716,682.0123748329479,-0.022717598751534,0.9818755376845347
diag_3538,-14.760215554445466,3956.180400049507,-0.0037309258076959175,0.9970231588067161
diag_354,-14.588805803160989,976.7106134690436,-0.01493667172443742,0.9880827033760181
diag_3540,-15.155674457227908,3956.1803339974513,-0.003830885646689955,0.9969434029645824
diag_3542,-13.406767313079298,3956.1803591814432,-0.0033888160032858653,0.9972961212068349
diag_3543,-13.90776725715127,1973.5665373909642,-0.007047022227858203,0.9943773363021985
diag_3550,1.28061649823839,1.4934936517371253,0.8574636368550133,0.3911887028973325
diag_3552,0.7081499435135096,0.7885122784590831,0.8980835972489633,0.3691409830862552
diag_3553,-0.17693510966456827,0.37920633732681114,-0.46659322972253076,0.6407909317463479
diag_3555,-0.05349090901277221,0.7554400630190818,-0.07080761483445586,0.9435508712778785
diag_3556,-15.330439690294703,931.9126133330966,-0.01645051206621569,0.9868749823883515
diag_3557,1.7731438631297494,0.6410799480429907,2.7658701048794034,0.0056771143232754616
diag_3558,0.38250951884764983,0.330619852811126,1.1569466128404786,0.24729417289386632
diag_3560,0.3964986980811867,0.2278913627329872,1.7398583839517918,0.08188388768664091
diag_3562,0.3089071755061794,0.2817863574147394,1.0962460295816343,0.2729711209893068
diag_3564,0.3350093781269643,0.3284956771227549,1.0198288789102552,0.3078096243842466
diag_3565,-14.55342870211242,1763.3639185230059,-0.008253219060023853,0.9934149586925352
diag_3566,-15.204442005084173,1732.2447952692587,-0.008777305636366948,0.9929968132696051
diag_3567,-0.05664421533443008,0.7684062444537849,-0.07371649533469778,0.9412359731214397
diag_3568,0.043751555837742644,0.5463338324853959,0.08008209127138793,0.9361719660914173
diag_3569,0.6390604102611117,0.3267757280737696,1.9556544607157722,0.050505872701169616
diag_357,-15.131368451409672,3956.1803389901884,-0.0038247418355230847,0.9969483049807443
diag_3570,0.7351982334559147,0.7985386380319847,0.9206795995092063,0.3572177301711425
diag_3571,0.2210516314965632,0.2221549283285721,0.9950336603364609,0.319719893545656
diag_3572,0.17267576683819325,0.4523864772934046,0.3816996650105454,0.7026841485871604
diag_3573,0.6741242645855722,0.4195518846917653,1.6067721041959688,0.10810436974667388
diag_3574,0.35026635564498754,0.3178946167590921,1.1018316674120578,0.27053486031679674
diag_3575,0.1803354455979086,0.5541973277417211,0.3253993416618428,0.7448788537046096
diag_3576,0.41741000985921295,0.47848246484761386,0.8723621878016968,0.3830108216509437
diag_3577,0.6281219739713063,0.25727721834635753,2.441420884478399,0.014629593464645912
diag_3578,0.43338315677425016,0.23149811558606828,1.872080710795779,0.06119543818166074
diag_3579,-15.709849740629698,1255.4330934451139,-0.012513490223138295,0.9900159399129446
diag_3580,0.6203224171611859,0.8639767946009088,0.7179850443179175,0.4727665083675772
diag_3581,0.9891196700510719,0.27349821861314383,3.6165488574905718,2.98556986634139e-4
diag_3582,0.46882561840676384,0.8108906181003167,0.5781613548632334,0.5631551869889019
diag_3583,-0.1257970148867513,0.3952153639234493,-0.31829991030186106,0.7502574523458705
diag_3584,0.3517173162446846,0.16523439965395292,2.1285962062456676,0.03328768266491132
diag_3585,0.47347675699195463,0.147561756063795,3.2086684898711666,0.0013335114998111047
diag_3586,-0.2966374247959431,1.048589177847433,-0.282891938103812,0.7772596747311875
diag_3588,-0.154746284034868,0.7554834077871381,-0.20483081751342538,0.8377043085660378
diag_3590,-0.012006056144818261,0.5547822264708039,-0.021641025202255817,0.982734307806726
diag_3591,0.17768596960585842,0.31496237683818495,0.5641498244634671,0.5726521719201374
diag_3592,0.4789576076662694,0.43009930190654555,1.1135977332284535,0.2654517993203719
diag_3593,0.2322134904082718,0.22399497301182122,1.0366906332135268,0.29988005872989176
diag_3594,-15.10218042369168,1286.548980826785,-0.011738519596810413,0.9906342315368265
diag_3595,0.5329446702891821,0.43872271642413846,1.2147642470693354,0.22445602067359738
diag_3596,0.6488447770698089,0.33171608378068046,1.9560244703081786,0.05046227154852668
diag_3597,1.9683060630745486,1.4750809119637125,1.3343715908127551,0.18208210576311976
diag_3598,0.9145254078266208,0.8009688914068902,1.1417739410831178,0.2535479968050074
diag_3599,0.23688078743700905,0.15025809944696383,1.576492637061606,0.11491231429885382
diag_3600,-0.27274225960407966,0.49302668335928435,-0.5531997938645516,0.5801266081090861
diag_3601,-0.33441490541745394,1.0562237628271953,-0.3166136922751342,0.7515367449826624
diag_3602,21.765518678642852,3956.1804134324343,0.00550164967319041,0.995610340811303
diag_3603,0.7381233091328777,4841.465470738525,1.5245865401582285e-4,0.9998783555942712
diag_3604,1.815902561108407,1.2663518981226725,1.4339636271722151,0.15158264282795442
diag_3605,1.4373073315435656,1.209333237003485,1.18851222108553,0.23463166788928286
diag_3607,1.406102940269435,0.867297934898806,1.621245576277655,0.10496498182836773
diag_3608,0.4523707829022621,0.8326624093202399,0.5432823408847816,0.5869354209509892
diag_3610,-14.753124781738796,1375.73806507297,-0.010723789038254373,0.9914438182863697
diag_3611,-14.944615098210802,923.8281947848401,-0.016176833725768034,0.9870933170548574
diag_3614,1.1395082112060713,0.6628303341571514,1.7191551932442242,0.08558611705554243
diag_3616,0.17698373909915,1.0786277080599342,0.16408232217349625,0.8696663380573638
diag_3617,1.272426512897941,0.9177874998430565,1.3864064536894745,0.16562282690979338
diag_3618,0.030460835849444753,1.0690084974633924,0.028494474947321796,0.9772677745949275
diag_3619,2.339647228665467,0.9827747563287643,2.3806545839714186,0.017281908351517956
diag_3620,-14.442110568719075,672.1404836405169,-0.0214867440962583,0.9828573777019567
diag_3621,-14.375536793235113,1060.180551890477,-0.013559517544064694,0.9891814018195118
diag_3622,-14.7573270202506,3956.1803590522127,-0.003730195714278818,0.9970237413329279
diag_3623,-13.296058877250589,1873.2622288997218,-0.007097809731134201,0.994336814750895
diag_3624,-14.46621970855622,2642.6394087699955,-0.005474155747677076,0.9956322774596488
diag_3625,0.5575625826164339,0.7869280859168539,0.7085305412206947,0.47861585298881526
diag_3626,-14.21005037344298,677.078011425849,-0.020987316282090208,0.9832557735892933
diag_3627,-14.539587839620399,888.6171751826224,-0.016362037833257414,0.9869455651129657
diag_3641,-15.048197973682242,2593.1751020125726,-0.005803001101623751,0.9953699010010001
diag_3642,-15.31043568483743,652.1140674447043,-0.023478155815333135,0.9812688628160665
diag_3643,-15.580558267511769,2703.0809370222773,-0.0057639999062238075,0.9954010189322263
diag_3644,-15.443570266444892,1505.0306805464359,-0.010261299298455331,0.9918128113935695
diag_3646,-1.1345614052090962,1.0864029942100162,-1.0443283121049374,0.29633351825611354
diag_3647,-14.89997362159028,1068.97010631495,-0.01393862516226465,0.9888789462948663
diag_3648,-0.1909784669641013,0.5088458705846779,-0.3753169240514064,0.7074247810182135
diag_3649,-13.259295299779453,1282.6577629893925,-0.01033736019254039,0.9917521267991936
diag_3652,-14.911203392703612,1420.479548195517,-0.01049730241568477,0.991624518293138
diag_3653,-15.197195284122603,1829.9666300568451,-0.008304629731773046,0.9933739403170263
diag_3654,-15.30686524030429,1036.0144371892713,-0.014774760554333716,0.9882118755442864
diag_3655,-15.238416318395378,1978.395073108259,-0.007702413196194571,0.9938544241964946
diag_3656,-14.99064282572437,1104.269614059338,-0.013575165552747744,0.9891689176640257
diag_3657,0.5044353643668821,4017.4027204216786,1.2556255856618103e-4,0.9998998155733684
diag_3658,-15.110108780708918,1354.9895081536058,-0.011151458140291363,0.9911026081256931
diag_3659,-15.063930270403173,674.1911772857295,-0.022343707212322234,0.9821737842602393
diag_366,-14.726482485671657,3956.1803650819293,-0.003722399164520064,0.9970299620364197
diag_3660,0.9332021401640282,1.2430194725595503,0.7507542405932186,0.4528005731046691
diag_3661,-14.845088968388275,1845.6219557791503,-0.008043407222104297,0.9935823587610212
diag_3663,-14.50849026303754,942.9479273508617,-0.015386311207871262,0.9877239842091851
diag_3664,-15.267889590871668,1019.0094893071091,-0.014983069099045683,0.9880456877693957
diag_3665,-14.378606007932886,1586.164369194785,-0.009065016392489118,0.992767262434936
diag_3669,-0.47930010416640545,4042.466192464654,-1.1856626162015733e-4,0.9999053978106428
diag_3670,-15.56868476762554,2760.7744684898194,-0.005639245416573929,0.9955005569954145
diag_3671,-16.441013884003148,3956.1803862312954,-0.004155779635636143,0.9966841771349519
diag_3674,-15.652576378065175,3956.1803445220753,-0.003956487069589361,0.9968431882881719
diag_3680,-0.06760728141897097,1.0703806442229635,-0.06316190579852093,0.9496375789515414
diag_3681,0.41322583001943897,0.37061252113976817,1.1149807587412843,0.2648586671943232
diag_3682,0.2274904497433099,0.17029964754611454,1.3358245482082338,0.1816066272799727
diag_3684,-15.138482224052376,3956.18034389248,-0.003826539972431501,0.9969468702855656
diag_3685,-14.147491880843594,2229.3522948742034,-0.006346009965931338,0.9949366506105732
diag_3686,0.8773025485561126,0.8147365174643274,1.0767929628176076,0.2815727698911484
diag_3690,-15.407019801886177,2752.2270551856564,-0.005598019165190885,0.9955334502656821
diag_3692,-0.9164258479987255,1.2286829398418313,-0.7458603178104656,0.45575179859083353
diag_3693,0.22034424176564285,0.8126006783325395,0.2711593131054115,0.7862685044473836
diag_3694,-15.435153688560305,1170.299483547101,-0.01318906306083069,0.9894769552962247
diag_3695,1.8043259901558126,0.7476089729303741,2.413462191449449,0.015801767233163573
diag_3696,0.161796735216274,0.7598293949418554,0.21293824152282922,0.8313751339133286
diag_3697,-14.610945359058158,3956.1803475703314,-0.0036931949697468665,0.9970532634523674
diag_3698,-0.17728233390221956,1.1396631424348673,-0.15555678454552757,0.8763823911018411
diag_37,-15.589206436490976,3956.180336980924,-0.003940469116326368,0.9968559686661495
diag_370,0.40040084594567904,0.2224533862769674,1.7999314492212617,0.07187146308334265
diag_3701,-14.216495733544667,1521.5664947066675,-0.009343328591291942,0.9925452108350934
diag_3702,-13.923875785877899,2559.5973221795757,-0.005439869648723218,0.9956596334013338
diag_3703,-15.414972042548165,2240.7701972977243,-0.006879318575879838,0.994511141212891
diag_3704,-15.112896880425057,1360.208934358837,-0.011110717257234335,0.9911351126335407
diag_3705,0.30319051468499475,1.259067000730353,0.24080570335742385,0.8097057090415385
diag_3706,-14.779005512955278,2795.4648166971606,-0.005286779295049995,0.9957817800740159
diag_3707,0.3149954205878475,0.15571016558687742,2.0229598973234535,0.04307728227175686
diag_3708,0.8700710189718727,1.1009296980747858,0.7903057029830156,0.4293492570337315
diag_3709,-0.4527394596141927,1.0653698929256268,-0.4249598778982938,0.6708659233494348
diag_3710,0.30565850443883025,0.34063807452104194,0.8973116257441417,0.3695526546187634
diag_3711,0.8522047326226766,0.5303876153444584,1.6067583555268634,0.10810738686875122
diag_3712,2.255309675027131,1.3630265964257577,1.6546336520073728,0.09799883298731715
diag_3713,0.1820170056212703,0.8069275079759703,0.22556797707618936,0.8215374495365343
diag_3714,0.16602802319371085,0.4230789203357615,0.3924280204316221,0.6947419857435588
diag_3715,0.09849118346229778,0.27378481981917546,0.3597393877693712,0.7190420340583339
diag_3716,0.4264807503577796,0.4045760550355893,1.0541423424583627,0.2918177528540284
diag_3717,-15.005948631353021,1408.6606714236955,-0.01065263546840341,0.9915005873785049
diag_3718,-14.664627515987693,1251.1757905419595,-0.011720677163706597,0.9906484667594276
diag_3719,0.7337664975472412,0.3213618114782912,2.283303340156859,0.022412506411609218
diag_3720,-14.769293220418655,2213.943550031991,-0.006671034236715404,0.9946773242568717
diag_3721,0.30834383184364417,0.5060071438292125,0.6093665585632845,0.5422814988226876
diag_3722,0.0834301563398368,0.36298902418076234,0.22984209103328151,0.8182144762386534
diag_3723,1.1738484813351235,0.4991872475391605,2.3515193689779443,0.01869691618151822
diag_3724,-0.01312260884700883,0.3348932377394355,-0.03918445453120468,0.9687433276050257
diag_3725,-0.6807525312587713,1.0588866088836506,-0.6428946457038175,0.5202924639221884
diag_3726,-0.047595561650921193,0.766770209690084,-0.06207278406154895,0.9505048703644721
diag_3727,1.0492236599591935,0.532271457541652,1.9712190933647582,0.048698820896620566
diag_3728,0.0052148494985690295,0.3654814478974452,0.014268438325855398,0.9886158196353918
diag_3729,0.4446062814344649,0.2900648751252371,1.5327822137806368,0.12532952441773554
diag_3730,0.07715494004571845,0.3044319365460154,0.2534390475621349,0.7999289567423165
diag_3731,-0.08945904599879831,0.3672372527227572,-0.2436001395161691,0.8075405202319141
diag_3732,-14.40797913944787,3956.180337066785,-0.003641891398239525,0.9970941975046824
diag_3733,0.5356632323965627,0.24459144973518648,2.190032533747655,0.028521877436406065
diag_3734,-15.365881142653373,2782.5279690249567,-0.005522273743051657,0.9955938854343532
diag_3735,-14.138208426676226,2509.4828344067528,-0.0056339131843547875,0.9955048114335923
diag_3736,-15.401255040892867,825.7072229108666,-0.018652198519711147,0.9851185616676795
diag_3737,-0.7687445454572048,1.0799750511031232,-0.7118169486156027,0.47657813603427496
diag_3738,-14.883562966552208,813.7713163952991,-0.01828961363799451,0.9854078131983842
diag_3741,-0.014455544922881775,1.0886476928653457,-0.013278441701221494,0.9894056477034163
diag_3742,-14.238607434606093,1630.0309957493018,-0.00873517587808863,0.9930304266646596
diag_3744,19.783467050120976,3956.1803336855833,0.005000648449129383,0.9960100764374377
diag_3745,-0.4044527093843896,1.0473600631431845,-0.38616395986171653,0.699375243336056
diag_3746,-14.932884148777584,1311.3278403956165,-0.01138760551615564,0.9909142017452608
diag_3747,-14.983676907441177,1296.020008148704,-0.011561300607422387,0.9907756222370282
diag_375,2.9337593735649343,5594.883974473201,5.243646493743722e-4,0.9995816175612063
diag_3750,20.728375245796915,3956.180355233345,0.005239491980788198,0.995819509369418
diag_3751,1.442505249247845,1.151257291637444,1.252982508537389,0.21021207242099518
diag_3752,-14.070945690892836,1598.1625743771158,-0.008804452010382605,0.9929751544338056
diag_3753,-0.29341202328187416,1.0576995054021137,-0.2774058433262909,0.7814684953056463
diag_3754,-15.274040310593088,3956.1804204142736,-0.0038608047883199573,0.9969195311199435
diag_3755,20.948100271199383,3956.180330597261,0.005295031702469656,0.9957751956977073
diag_3756,1.8476368419610731,0.9016664496173825,2.0491356229846507,0.04044885497626039
diag_3757,-14.588824933112067,3956.180343700025,-0.0036876036140121565,0.9970577246784031
diag_3758,-15.059533454230627,1536.3255727107667,-0.00980230604874907,0.9921790165904367
diag_3759,-15.315780692189461,2280.158829183786,-0.006716979754288413,0.994640665859101
diag_378,-14.435906111982282,2125.7395477782916,-0.006791004159973367,0.9945816042757999
diag_3780,0.2514120265539649,0.15849244880729543,1.586271323624046,0.11267777445684019
diag_3781,0.38196096814720987,0.29056094158024104,1.3145640500401803,0.1886564588607779
diag_3782,0.19314804289738738,0.34158061568864306,0.5654537582818966,0.5717651683069417
diag_3783,0.3354623616244098,0.437448224401422,0.7668618659578204,0.44316364867175223
diag_3784,0.4055316206918536,0.23515679124604716,1.7245158795670985,0.08461475478990714
diag_3785,0.7047227799463445,0.19208014586065908,3.6688996501365234,2.4359666562128704e-4
diag_3786,0.2814029062168136,0.19188104379198961,1.4665487567488478,0.14249884855151032
diag_3787,-0.10120744995091945,0.2350639996973538,-0.4305527434282774,0.6667936083860306
diag_3788,0.29601327644112946,0.22000085621433557,1.3455096563476048,0.17846070504157785
diag_3789,0.5635650840883707,0.21320358483860175,2.643318987881924,0.008209764967902752
diag_379,0.4654922119921096,0.5088688696178094,0.9147586731759043,0.3603183347630868
diag_3790,0.49936975970575204,0.25334675915523386,1.9710919585901308,0.04871335836491375
diag_3791,1.0883858962273747,0.7897346773867894,1.3781665252801283,0.1681518798733622
diag_3792,-0.33425676098564355,1.0512166402618774,-0.31797133738519784,0.7505066788872449
diag_3793,-14.797016356300757,1322.3823657284313,-0.011189665515654283,0.9910721249527106
diag_3794,0.5741415594504254,0.3376801357463772,1.7002526908531224,0.08908340504191813
diag_3795,-14.915098463203151,2792.409176938523,-0.005341301191237102,0.995738278509053
diag_3796,-15.020723845566879,1041.2547193871887,-0.014425599774863013,0.988490435846777
diag_3797,-15.268517041190803,2782.4053199031405,-0.005487524384737132,0.9956216109907492
diag_3799,0.30012329740718974,0.22328217928071822,1.344143533415912,0.17890197703704086
diag_38,0.5323369106184355,0.23939732900204622,2.223654344171423,0.026171709208751875
diag_3800,-15.001906052791645,2786.128675271412,-0.00538449863638485,0.9957038124301439
diag_3801,0.3904602055152123,1.2598935182727988,0.3099152427186849,0.7566254111068732
diag_3802,0.19401443156551132,0.865287645102778,0.22421957907704376,0.8225864493905242
diag_3805,0.9172657790551939,0.5626433329079443,1.630279300235253,0.10304248040565733
diag_3807,1.1008589663816313,0.4807746855502754,2.2897606705761397,0.02203519421549506
diag_3808,-0.010484785431371803,0.7954866457088173,-0.01318034122625572,0.9894839137085351
diag_3810,-14.714953959779306,1545.4747271358551,-0.009521316461156072,0.9924032033791566
diag_3811,-14.870820011702197,3956.18037484949,-0.0037588832163063207,0.9970008521784446
diag_3812,-0.09305718893054561,0.6404193333925172,-0.14530665156154843,0.8844687632777857
diag_3813,0.3198994775807981,0.7834354676424049,0.40832907213592556,0.6830320983317647
diag_3814,-12.95978063518753,2426.2397677371373,-0.005341508620672981,0.9957381130066696
diag_3815,-15.154576396417808,1670.1663468631336,-0.0090736928239997,0.9927603399288958
diag_3816,1.9475799751301923,1.2765337978110374,1.525678347467059,0.12708998949636258
diag_3820,0.7670375534113799,0.5955464711432015,1.2879558364924686,0.19776133696917067
diag_3821,-14.722730573719407,1537.1282330868216,-0.009578075697792366,0.9923579181255474
diag_3822,-14.509722958338656,2546.3623798060135,-0.005698216040815068,0.9954535060007847
diag_3823,-0.03301476942771735,1.0976585889400048,-0.03007744827068615,0.9760052862655462
diag_3824,0.25512181504788517,0.7745565104732007,0.3293779234933075,0.7418700521881673
diag_3825,-14.853762200330351,1432.1814834889651,-0.01037142455168797,0.9917249488299181
diag_3826,-15.696899576856394,1954.7688201413644,-0.008030054201356267,0.9935930125860503
diag_3831,-14.541882744967996,1884.5839605510794,-0.007716229708712867,0.993843400542065
diag_3834,1.5920366879329584,3992.2974138575714,3.9877707567749753e-4,0.9996818219365478
diag_3836,-14.928062873504333,1274.559543655315,-0.011712330701076603,0.9906551258160159
diag_3837,19.999949648348338,3956.180349388845,0.005055368532791472,0.9959664166794051
diag_3838,34.10094836577543,4668.843619644349,0.00730393886449619,0.9941723517621163
diag_3840,0.36008527816194563,1.0805520335640748,0.33324196056921607,0.7389516465109889
diag_3841,-13.871250147286487,3956.18046232435,-0.0035062228023685243,0.99720244469126
diag_3842,-13.982529375297055,2510.8129173954794,-0.005568925218769958,0.9955566635145021
diag_3844,0.63153820725099,1.3255681505672807,0.4764283201740487,0.6337692626254916
diag_3845,-15.483624397091253,1259.6784891278403,-0.012291727238917608,0.9901928675654041
diag_3847,-14.819535780445655,1860.8147768561578,-0.007964003706743572,0.9936457115707834
diag_3848,-15.050500119009014,2781.10876302442,-0.005411690588699518,0.9956821167073174
diag_3850,-13.358109286482243,1626.184150620091,-0.008214389053901783,0.9934459395047158
diag_3851,-15.510032818847248,2272.175954469723,-0.006826070308655721,0.994553626185647
diag_3852,2.458751456111101,1.5173474334151669,1.6204274656972073,0.10514048387248606
diag_3853,0.28471958269284037,5594.8839707524685,5.088927387613863e-5,0.9999593962340813
diag_3854,1.9219263058143312,1.4906583495880514,1.2893137494218325,0.19728903286220068
diag_3860,-14.945178757926572,1545.3593283405214,-0.00967100562558185,0.9922837742050756
diag_3861,2.8640161332912406,1.3899158640010971,2.060567986501505,0.03934427354901117
diag_3862,-14.549554111826836,2279.2991899535964,-0.006383345449319028,0.9949068618081751
diag_3863,-15.362655923873437,3956.180358930166,-0.00388320413380441,0.9969016591619821
diag_3864,-14.82614247066119,2770.3370743813925,-0.005351746763152213,0.9957299442676125
diag_3865,-13.483997061476535,1734.7751232533776,-0.00777276367451523,0.9937982943162899
diag_3866,-14.924198764521673,2123.2653936400657,-0.007028889939630228,0.9943918034167244
diag_3867,0.8210956285265324,0.8105447514089025,1.0130170198490462,0.3110520314586476
diag_3868,-15.112155392026649,2794.413086283671,-0.005407989057238676,0.995685070058904
diag_3870,-15.71558637558225,2774.320880868116,-0.005664660668474898,0.9954802788822047
diag_3871,-15.860818488517758,3956.1804556789116,-0.004009124120147325,0.996801190331313
diag_3872,-15.01066680048289,3956.1803368768733,-0.0037942321942615884,0.9969726479758257
diag_3873,-0.17189435486949067,0.7631336957930036,-0.22524802117519943,0.8217863336641371
diag_3875,-0.1701078242447402,4019.381338997147,-4.2321892325644036e-5,0.9999662320155395
diag_3876,-15.20301507913801,3956.1803569486847,-0.0038428518690851,0.9969338553707603
diag_3877,-14.640923568247702,3956.180331541227,-0.003700772548592084,0.99704721746051606
diag_3879,-15.318779520103515,3956.180343705262,-0.0038721135512635196,0.9969105081000341
diag_388,-15.448037075948,2789.0015617701224,-0.0055389130245389485,0.9955806094115933
diag_3880,-14.790729163310347,3956.180335448315,-0.0037386387649677904,0.9970170048001108
diag_3881,-14.75607950226388,1913.4544404644698,-0.007711748547659178,0.9938469758849061
diag_3882,-15.367009906095515,1973.0988737167538,-0.00778826145551868,0.9937859292503745
diag_3883,-14.872738176780816,1128.9391828897815,-0.013174082716050828,0.9894889068436811
diag_3884,-15.87765019950957,3956.1803310565215,-0.0040133787822733925,0.9967977956294019
diag_3890,19.673443016104056,3956.1804102734236,0.0049728376807629876,0.9960322659442389
diag_3891,2.058238311195717,1.2504534704860308,1.6459935213708619,0.09976509285858944
diag_3892,1.249640091679858,0.8352624000903113,1.496104806758622,0.1346263455153164
diag_3893,-14.892023209692283,3956.1803375487207,-0.003764242764251615,0.9969965759081395
diag_39,-14.829165044391374,1766.921700327857,-0.008392655453628637,0.9933037084002461
diag_3905,-14.914934368919619,976.121229423429,-0.015279797139264665,0.987808960150377
diag_3906,-14.479326652573473,1870.5382761027233,-0.007740727274900372,0.9938238548959606
diag_3907,-15.046373091674237,1306.2626072379503,-0.011518643348054877,0.990809655539482
diag_3908,1.0596026498627624,1.1413247555435215,0.9283971496422668,0.35320159653686006
diag_3909,2.557356243313021,0.9377132724989932,2.7272262410210972,0.006386923085533444
diag_3910,-15.253457237849808,1906.1155539735828,-0.008002378033195152,0.9936150942638349
diag_3911,-13.084456718498867,2534.1263915782106,-0.00516330075799814,0.9958803003473952
diag_3912,-15.361286243585049,2256.304283166586,-0.006808162515219984,0.9945679142055392
diag_3913,1.7627845542738467,0.9760228565247372,1.8060894194122483,0.07090437326137519
diag_3915,-15.22008908927049,1927.9042285555097,-0.007894629237197226,0.9937010626488364
diag_3916,-14.575252334863372,1097.9682034143905,-0.013274749022365306,0.9894085937752032
diag_3917,0.9050231952736584,1.2216799113862973,0.7408022239202462,0.4588133665571673
diag_3918,-12.59920579813535,2566.118507448175,-0.004909830064966242,0.9960825381343416
diag_3919,-14.358477049093018,2499.409967487171,-0.00574474665455887,0.9954163805501395
diag_3920,0.9762201793196287,0.591261131436237,1.6510812691987458,0.09872198144481963
diag_3921,0.7994419788852619,1.553847214727446,0.514492011381884,0.6069080442043298
diag_3922,0.06631705965583237,1.06057514617046,0.06252933598839362,0.950141300902368
diag_3923,-15.546639538579326,916.4970821760431,-0.01696310860223021,0.9864660466053725
diag_3924,-0.06340152356673064,0.647169246806987,-0.09796745423170522,0.9219581367777144
diag_3928,-14.73711645122013,2783.4341766165135,-0.005294580549102214,0.995775555660968
diag_3930,NA,NA,NA,NA
diag_3933,-15.38053708370624,2207.5456090395082,-0.006967256767301054,0.9944409783692134
diag_3934,1.0317963395302194,1.1187262572519558,0.9222956311624692,0.3563743922402962
diag_3935,-15.297672694080365,3956.1803344381938,-0.0038667784076765917,0.996914764896864
diag_394,-0.8857021860506994,1.0426488801006186,-0.8494731092649584,0.3956180871601736
diag_3942,-15.865046409164208,3956.1803330900957,-0.004010192931921364,0.9968003375497553
diag_3943,-15.80041458882501,3956.180334248474,-0.0039938560060171005,0.9968133724263202
diag_3944,-15.141703050524324,3956.180344138352,-0.003827354097484187,0.9969462207125122
diag_3945,0.3625166813656906,1.117346859631822,0.3244441761666953,0.7456017791926735
diag_3948,30.405398275262495,3318.663763688239,0.009161939997642626,0.9926899317982704
diag_3951,0.39447549468871956,4245.935481100299,9.29066153842014e-5,0.9999258712460951
diag_3952,-15.052382779873625,3956.1805741634325,-0.0038047764751123823,0.9969642349176568
diag_3953,-15.370268785851646,2763.2934572034737,-0.005562300574983725,0.9955619491336355
diag_3955,-14.52962107084007,3956.18033557327,-0.0036726387167420813,0.9970696648580339
diag_3956,-14.582638864119811,2762.1744761171817,-0.005279405406938226,0.9957876635033863
diag_3958,0.7438961304092081,1.1116164337258911,0.6692021706766548,0.5033665217656971
diag_3959,-0.7324168125495528,1.071608851028012,-0.6834740230513525,0.49430735937802545
diag_3962,-16.278442823399292,1340.5246381532706,-0.012143337287574774,0.9903112567802543
diag_3965,0.74189719404429,1.1331134305728559,0.6547422120565786,0.5126337424557145
diag_3966,-13.442651259161638,2094.204544015827,-0.006418977218616923,0.9948784323520322
diag_3967,2.48306620509544,1.4364139753896314,1.7286563954669831,0.08387060980359
diag_3969,0.3669178638609311,0.8463542468703691,0.43352752729452504,0.6646315723336944
diag_3970,-15.720444676072766,3956.1803808132686,-0.00397364203925432,0.9968295007103319
diag_3971,-16.47319203339994,3956.180396557095,-0.004163913265364719,0.9966776874935179
diag_3972,-15.284688406802415,3956.1803533598722,-0.003863496363056745,0.9969173835700335
diag_3980,19.005541841220072,3956.180388408408,0.004804012955755564,0.9961669669761793
diag_3987,-15.005049866994028,3956.1803378269688,-0.0037928124063312868,0.9969737807945438
diag_3989,1.401700888168981,1.5447907552947293,0.9073726544288852,0.3642097651305297
diag_3991,0.7550484215720489,1.1038084267242734,0.684039370683892,0.4939503050852645
diag_3992,-14.68630706074364,3956.180334913329,-0.00371224408835382,0.9970380645589241
diag_3995,0.2583942812925962,0.24773733809771897,1.0430171054420292,0.2969403705364348
diag_3996,0.5860028803270115,0.2110011332063963,2.7772499200456777,0.005482100837571393
diag_3997,0.175522611275912,0.2376563089655469,0.7385564979945791,0.46017634807784696
diag_3998,0.42256343894232234,0.22011418364903196,1.919746523995437,0.054889924545307486
diag_3999,-0.1746360005158063,0.755504327690274,-0.23115155547778668,0.8171970639624601
diag_3E812,0.07990971338623967,1.1097329032001357,0.07200805991766497,0.9425954936179985
diag_3E813,-14.524133568128525,2543.64726352238,-0.005709963710933671,0.9954441328686581
diag_3E815,-14.785733786366032,3956.1803439276437,-0.003737376080203399,0.9970180122697508
diag_3E816,1.6242606645259132,0.9190794921684825,1.7672689667937442,0.0771831944510264
diag_3E817,2.626899681614878,1.430974262491939,1.8357420887782572,0.066395809974555145
diag_3E818,-15.473770467371828,1763.451367215172,-0.008774707800310864,0.9929988859630665
diag_3E819,-13.683171132192676,1236.8783279352858,-0.011062665440208593,0.9911734500802696
diag_3E822,-15.13372300151247,3956.180333986217,-0.0038253369977864094,0.996947830113437
diag_3E825,0.8314683143912065,4061.858733199204,2.0470143572332583e-4,0.9998366718860028
diag_3E826,-15.638343709692217,3956.180332318627,-0.003952889503529517,0.9968460587081414
diag_3E828,15.00012551827633,4703.068014677059,0.0031894341037520223,0.997455204085404
diag_3E849,-0.24828109802801523,0.29953870664885734,-0.8288781800712979,0.40717334350731466
diag_3E850,-15.645961338828716,1762.2153428042773,-0.008878575142769287,0.9929160150424676
diag_3E852,-16.405588440382175,2787.317269099577,-0.0058857987292138736,0.9953038391805404
diag_3E853,-15.337498934709028,3956.1803638458073,-0.003876845220423527,0.9969067328026013
diag_3E854,-15.164113373474674,3956.1803577346955,-0.00383301872065247,0.9969417010302962
diag_3E855,-33.223978824116,4503.941045666943,-0.007376646027833653,0.9941143414018593
diag_3E858,-15.450680342313445,3217.5327746551934,-0.0048020273372255595,0.9961685512522741
diag_3E861,NA,NA,NA,NA
diag_3E864,-0.8782022717768548,4407.012905791831,-1.992738143840456e-4,0.999841002501183
diag_3E865,-14.632245109251821,3956.180354191651,-0.0036985788814578864,0.9970489677416754
diag_3E870,-15.032609438567238,1447.0098115690791,-0.010388740503608943,0.9917111334435221
diag_3E876,1.7634177214765192,7317.6020510355675,2.4098300360935384e-4,0.9998077233838653
diag_3E878,0.045931692124553454,0.31294381904569907,0.14677296475967805,0.883311224545043
diag_3E879,0.33557093602462407,0.44178308064399,0.759583041377366,0.44750385921529434
diag_3E880,0.705320143768531,0.6037420333982456,1.1682475374433332,0.24270693037774943
diag_3E881,-15.111841474342182,1275.8304564910447,-0.011844709771159357,0.9905495099263877
diag_3E882,-15.41948395879082,3956.180331792292,-0.003897568529644158,0.9968901981190488
diag_3E883,-14.369647420485503,3956.18034765037,-0.0036322023158069207,0.9971019282228321
diag_3E884,0.30889815547251426,0.6568793873398497,0.470250949300529,0.6381757372489214
diag_3E885,-0.12878595578682211,0.359211259827002,-0.3585242730109465,0.7199510063037922
diag_3E886,-15.146483939121763,3956.1803416777507,-0.0038285625605981323,0.9969452565055157
diag_3E887,0.2752218633641656,1.1323643917654784,0.24305061636128011,0.807966186625916
diag_3E888,0.24571043006724996,0.31958099451009947,0.7688518225056246,0.44198128054287167
diag_3E892,2.564568590521184,5594.883951981483,4.583774413431608e-4,0.9996342677293393
diag_3E894,NA,NA,NA,NA
diag_3E900,-0.2991143966714557,4264.6844402275965,-7.013752151272712e-5,0.9999440383544979
diag_3E901,0.10770380971679072,3355.9081957106428,3.209378905372097e-5,0.9999743928612208
diag_3E904,0.17271724261623506,4264.684427836194,4.049941925102016e-5,0.9999676861386669
diag_3E905,-15.69072925808312,2156.9734574747877,-0.007274419258015615,0.9941959043746587
diag_3E906,-14.367108685349383,1571.4315620998443,-0.009142688127092955,0.9927052919252154
diag_3E912,35.34698135804406,4127.678894368894,0.008563403855436889,0.99316747578291
diag_3E915,-0.4542211043967034,4127.678891393153,-1.1004274226462344e-4,0.9999121985950958
diag_3E916,-16.191879976374565,1972.454311552625,-0.008209001284105316,0.9934502381781172
diag_3E917,0.3118394095786055,1.7838404348639927,0.17481351105396456,0.8612261715327252
diag_3E919,-0.09630855350203134,2961.719937399773,-3.251777870212298e-5,0.9999740545664265
diag_3E920,-15.205643651331874,1937.9953801978274,-0.007846068059140423,0.9937398076630606
diag_3E922,35.839893163652995,4416.245311516529,0.008115467016787085,0.9935248652399432
diag_3E924,-14.332186078706982,2517.7298169699966,-0.005692503612621662,0.9954580637851236
diag_3E927,1.1586133286804647,0.9325064693252574,1.2424721616342391,0.21406240546780325
diag_3E928,0.43117127736865596,1.126771174312294,0.38266090506958006,0.7019712052769711
diag_3E929,0.9985836079511502,1.200623303492777,0.8317209944585736,0.4055664474822926
diag_3E930,-0.2486765621783908,1.128981239622739,-0.22026633698668782,0.8256637355353906
diag_3E931,-0.20068112569982444,1.0923111323739125,-0.18372157872609562,0.8542318796782402
diag_3E932,0.23793434768021843,0.4206939295506523,0.5655758996436165,0.5716821148705471
diag_3E933,0.10064652302759154,0.7866851514772835,0.12793748914491598,0.8981984427665799
diag_3E934,0.7229942713919147,0.6584374475572586,1.0980454925128513,0.272184624867003
diag_3E935,0.6864634995230496,0.5736438269019049,1.1966719893604596,0.23143442888881585
diag_3E936,0.40914370603003336,1.1167958223085197,0.36635497541913764,0.714100212174225
diag_3E937,1.0000607403138932,1.136940466339368,0.8796069538573207,0.37907227045395336
diag_3E938,-14.917101932348073,1607.5023344792678,-0.009279676683754429,0.9925959955077078
diag_3E939,0.929046583555727,0.6011608363345872,1.545421004502444,0.12224446292590345
diag_3E941,-14.779759538027767,1680.7191409144075,-0.008793711678672697,0.9929837236469177
diag_3E942,0.849967652315522,0.41730679249180386,2.036793236075149,0.04167076641986168
diag_3E943,-15.497862485645967,2277.5629307206523,-0.006804581457049896,0.9945707714103813
diag_3E944,1.5519080018009168,0.557702318541518,2.7826816389420936,0.0053911678377913715
diag_3E945,-14.381562644822473,3956.180419739244,-0.003635214049659135,0.9970995252227547
diag_3E946,17.809656121277044,1364.4579742709545,0.013052550138668028,0.9895858674737615
diag_3E947,0.2501597194985446,0.5668105007767623,0.44134630384533,0.6589623091971522
diag_3E949,-0.6084602537811583,4203.979489330184,-1.447343535632006e-4,0.9998845186942773
diag_3E950,0.4496171589640209,0.8675112985313911,0.5182839229012662,0.6042601883727547
diag_3E955,-14.152568089132659,3956.1804153324088,-0.0035773313153979413,0.9971457086624388
diag_3E956,1.5585416863148729,4716.415394288612,3.3045047054214175e-4,0.9997363386762429
diag_3E965,-14.369707545217675,3956.1803656436373,-0.0036322174969593037,0.9971019161101049
diag_3E966,0.17506921613379703,4839.861344280842,3.6172361908812216e-5,0.9999711386309115
diag_3E980,-14.935948273470652,1977.370127933103,-0.007553440836634281,0.993973283484084
diag_3E987,-15.912120350150797,3956.180331907729,-0.004022091769127657,0.9967908437278221
diag_3V01,-13.722337747041179,3956.180474143587,-0.003468582345200447,0.9972324772482659
diag_3V02,-8.955363715192118e-4,1.399553997702082,-6.398726830044334e-4,0.9994894555001905
diag_3V03,-14.714602123340612,1760.1971527102762,-0.008359632954003873,0.9933300556185807
diag_3V06,-16.663055857960874,2774.542958535805,-0.006005693949231328,0.9952081783265432
diag_3V07,-15.079140949400152,3956.1803688098576,-0.0038115403100128188,0.9969588381973499
diag_3V08,0.145630658001763,0.7769723761621925,0.1874335078952185,0.8513207526128792
diag_3V09,-0.02273649835061962,0.45230732067195994,-0.05026780976447975,0.9599089754130766
diag_3V10,-0.20870982345355457,0.30298755304406577,-0.6888395954113676,0.4909242152801455
diag_3V11,-13.955188792422897,2542.0186248960435,-0.005489805879370218,0.9956197906488254
diag_3V12,0.7683646693074876,0.23968859236005113,3.205678925900984,0.0013474424547134758
diag_3V13,-14.897052354591876,1756.2900362676062,-0.008482114028415526,0.9932323333252377
diag_3V14,0.3332463023027572,1.070563876021358,0.311281101265282,0.7555869331193623
diag_3V15,0.2341426788183541,0.22387413565977093,1.0458674832102473,0.29562221905698494
diag_3V16,-14.415303994181627,1435.1543089883028,-0.010044427908482919,0.9919858408087481
diag_3V17,-14.777749191140964,825.750457946756,-0.01789614410615783,0.9857217050801443
diag_3V18,-14.302416566148274,956.4607485654985,-0.014953479886758618,0.9880692939004291
diag_3V22,-2.547904021402517,4106.578988244447,-6.20444420695714e-4,0.9995049570076519
diag_3V23,-15.255545362531622,2186.7078839485353,-0.006976489852400727,0.9944336116122041
diag_3V25,-14.673192419415052,2375.352123018817,-0.0061772704253915,0.9950712826452457
diag_3V27,-14.899834088446344,603.989110723383,-0.02466904423260409,0.9803189466866383
diag_3V42,0.2685406881183105,0.23946775010084426,1.1214064858638506,0.2621148766223141
diag_3V43,0.06667837332054634,0.2876242742356858,0.2318245686937695,0.8166742737632108
diag_3V44,-0.40823900609343217,0.7991372109178113,-0.5108497020487489,0.6094563033775497
diag_3V45,0.05894551586086139,0.16251704904327346,0.36270358222641585,0.7168263234687611
diag_3V46,0.56220178650168,0.3843705181257968,1.462655848952709,0.1435615729535782
diag_3V49,0.6455668137497176,0.3755085735945986,1.719179957916688,0.0855816090347382
diag_3V53,-15.441332428682456,1479.9171599480314,-0.010433916739788794,0.9916750899756946
diag_3V54,-0.3183737542274357,0.5507686394181882,-0.5780535263659058,0.5632279819340353
diag_3V55,1.2366660790526811,0.8998083033529257,1.3743661560407183,0.1693280375220223
diag_3V57,-15.05012433186557,1400.890862028185,-0.010743252554361206,0.9914282895419166
diag_3V58,-0.012368022977555583,0.2031130127927968,-0.06089232200091811,0.9514449642560829
diag_3V60,2.5897379387481356,1.0209318226128532,2.536641410706803,0.011192153054212204
diag_3V61,-15.245320229328057,1688.2804664406692,-0.009030087436520026,0.9927951305689864
diag_3V62,-0.18079954072110124,0.7627824831307437,-0.2370263406928703,0.8126363555250932
diag_3V63,-0.14374321145735117,1.0567597596252643,-0.13602260130374733,0.891803413763372
diag_3V64,1.126897793462559,0.411335727376918,2.7396059191083886,0.0061512890788988275
diag_3V65,0.7749856970999855,0.6449953067923772,1.2015369552905166,0.22954298022565686
diag_3V66,-0.8426889411634482,1.0529389489074026,-0.8003207992617963,0.42352495534561974
diag_3V70,-14.534362779048026,2766.8137256656564,-0.005253104914228103,0.9958086479694729
diag_3V72,0.7070881127181299,1.1375536607684815,0.621586600354705,0.5342137341957318
diag_3V85,0.17872093732207206,0.38360886289703394,0.4658936604654082,0.6412916191467344
diag_3V86,-14.87719060554134,2275.3574205451796,-0.0065383972079326065,0.9947831509860244
number_diagnoses,0.015268736143029728,0.007620498433456507,2.0036400868471977,0.04510862846539671
max_glu_serum>300,-0.032772614079311646,0.12002113654631998,-0.2730570216410478,0.7848093834388175
max_glu_serumNorm,-0.012851347875050417,0.10453271864039494,-0.12294091306723391,0.9021538874090149
max_glu_serumnot tested,-0.15278507240254985,0.09509304061289922,-1.6066903678524798,0.10812230762812908
A1Cresult>8,-0.025304202272156847,0.06859380874665824,-0.36889921604462034,0.7122028477086825
A1CresultNorm,-0.019593391873800672,0.07487018547508315,-0.2616981879966274,0.7935541376322173
A1Cresultnot tested,0.08910821944365477,0.05765462270737643,1.5455520348458391,0.12221279281753157
metforminNo,-0.18301277927954152,0.13497923529956643,-1.3558587650416876,0.17514410953459306
metforminSteady,-0.2446454775391395,0.1352677744352777,-1.8086013358355084,0.07051296081962939
metforminUp,-0.38999490702604145,0.17512196901642155,-2.226990189845746,0.02594792944168842
repaglinideNo,0.6349027659519331,0.6047163599793355,1.0499182889208243,0.2937556821989902
repaglinideSteady,0.700632561605639,0.6097410729050932,1.149065714513041,0.2505288845500539
repaglinideUp,1.091757985730503,0.6573904555205603,1.6607451120749617,0.0967646489759909
nateglinideNo,-0.07154288707070605,1.0578875429409897,-0.06762806457840746,0.9460817142336626
nateglinideSteady,-0.050700231577274074,1.0650046071950485,-0.04760564530401948,0.9620305328307837
nateglinideUp,-1.0718533786985953,1.4891827298305909,-0.7197594742590986,0.4716731006860424
chlorpropamideNo,14.676969359792528,3956.181103528139,0.003709883085661459,0.9970399483535485
chlorpropamideSteady,14.105061884989446,3956.181131216293,0.00356532257173295,0.9971552901925003
chlorpropamideUp,-1.0037586262370095,4264.485861991969,-2.35376234960279e-4,0.9998121969378794
glimepirideNo,-0.15643210737150723,0.22326815988474497,-0.7006467355321077,0.4835235044568283
glimepirideSteady,-0.24142298699242468,0.22707702128967916,-1.0631766509057936,0.28770184894217354
glimepirideUp,-0.1048803417076763,0.2845177889398817,-0.3686249007433324,0.712407332600931
acetohexamideSteady,-15.418971990628282,3956.1803303206293,-0.00389743912138066,0.9968903013711201
glipizideNo,-0.2853746786053688,0.12671490833986448,-2.252100264634686,0.024315936591672173
glipizideSteady,-0.26241603293451443,0.12693758907323177,-2.067283890062884,0.03870741135726324
glipizideUp,-0.09790125026364714,0.16570617991435818,-0.5908123059396179,0.5546461887005517
glyburideNo,0.24571742800448965,0.15367185250094506,1.5989748545718776,0.10982618994519593
glyburideSteady,0.24172882436081444,0.15399843944949437,1.569683596956788,0.11648873916543147
glyburideUp,0.22713615783734117,0.1908832824963483,1.1899216886197794,0.23407717306342857
tolbutamideSteady,-0.9798953252134894,1.0349127620604242,-0.9468385753235861,0.34372104175178597
pioglitazoneNo,-0.2897079801717063,0.26705992393347694,-1.0848051474914329,0.27800796520655885
pioglitazoneSteady,-0.3462975864874153,0.26923758653116286,-1.2862156096000108,0.19836782481155038
pioglitazoneUp,-0.17608635257637748,0.3366332661854686,-0.5230806645216175,0.6009181203582961
rosiglitazoneNo,0.7192542197186238,0.4678182882782785,1.5374649468401722,0.12417949259954998
rosiglitazoneSteady,0.6711900368943877,0.4693542096698168,1.4300287992869165,0.15270875358622957
rosiglitazoneUp,0.6493340867571361,0.5319357672167002,1.2207001799384738,0.22219955961868906
acarboseNo,-0.6533638104987607,1.2675398668033127,-0.5154581939473978,0.606232876069722
acarboseSteady,-1.0474765381762654,1.2857619361931234,-0.8146737811181656,0.415259065090634
acarboseUp,0.20443812525625998,1.5061297042851012,0.13573739676909066,0.8920288829590979
miglitolNo,-0.9049839992613964,0.9911362212056453,-0.9130773146001556,0.361201880448329
miglitolSteady,-1.4394523139928888,1.238565301767487,-1.1621933150708543,0.24515694946255112
miglitolUp,-16.564079003394163,2773.613906621886,-0.005972020461769435,0.995235045400479
troglitazoneSteady,-15.456594697072083,2260.266951066125,-0.006838393442766352,0.9945437939766829
tolazamideSteady,-0.1556939400106131,0.6105199139167254,-0.25501861030506806,0.798708725400579
tolazamideUp,-15.781246128033144,3956.1803572693043,-0.0039890107889130515,0.9968172383194462
insulinNo,-0.12690909183228752,0.05694636869862201,-2.2285721589014766,0.02584238520521792
insulinSteady,-0.15066387910538284,0.04252137386653893,-3.5432504974620254,3.952270949714883e-4
insulinUp,-0.06392425923020491,0.04053948178590306,-1.576839575004965,0.11483244299989406
`glyburide-metformin`No,-0.7637196935969051,1.124364699479258,-0.6792455276749766,0.496982304602412
`glyburide-metformin`Steady,-0.7185064731466545,1.1309997175090853,-0.6352843966478556,0.52524294822414
`glyburide-metformin`Up,-15.610839864664573,1355.006831905062,-0.011520856941154036,0.9908078894649113
`glipizide-metformin`Steady,-0.27795327247461515,1.0705074591021582,-0.25964627346710545,0.7951366390201214
`glimepiride-pioglitazone`Steady,-17.31621329338242,3956.1804287967357,-0.0043770029211355034,0.9965076680977463
`metformin-rosiglitazone`Steady,-15.399280755113915,2792.289277706546,-0.005514930303984176,0.9955997445617879
`metformin-pioglitazone`Steady,-15.140069336735618,3956.1803346058723,-0.003826941154401123,0.9969465501910098
changeNo,0.024347701502425014,0.04036882550923431,0.6031312825005403,0.5464213572892525
diabetesMedYes,0.1869648505752242,0.03983385359634467,4.693616953805868,2.6841641893074468e-6
